PassengerId,Survived,Pclass,Name,Sex,Age,SibSp,Parch,Ticket,Fare,Cabin,Embarked
1,0,3,"Jones, Mr. Charles",male,47.7,1,0,A/7912,7.57,B74,S
2,1,3,"Taylor, Miss. Ida",female,56.9,0,0,A/7924,13.12,,Q
3,0,2,"Johnson, Mr. Frank",male,56.7,2,1,A/9785,20.62,,S
4,0,2,"Miller, Mr. Charles",male,,0,0,A/2307,53.49,,S
5,1,3,"Williams, Miss. Margaret",female,49.4,2,0,A/3803,16.61,,S
6,1,2,"Taylor, Miss. Elizabeth",female,54.5,0,0,A/6168,33.05,E50,S
7,1,3,"Wilson, Miss. Emma",female,39.7,0,2,A/8019,23.16,,S
8,0,3,"Johnson, Mr. John",male,,0,1,A/2040,13.93,,S
9,0,2,"Smith, Mr. William",male,19.4,2,0,A/2827,28.21,,S
10,1,3,"Taylor, Miss. Emma",female,,2,0,A/9317,17.96,,C
11,1,3,"Taylor, Miss. Mary",female,8.7,0,0,A/4923,8.04,,Q
12,1,1,"Johnson, Mr. James",male,38.9,0,2,A/7932,291.8,E98,S
13,0,2,"Miller, Miss. Alice",female,18.1,0,0,A/1344,41.47,,S
14,0,1,"Brown, Mr. William",male,5.9,0,0,A/8953,119.27,B83,S
15,1,2,"Davis, Mr. Charles",male,25.4,1,1,A/1887,45.3,,S
16,0,2,"Johnson, Mr. Charles",male,10.7,0,0,A/8579,26.24,,S
17,0,3,"Smith, Mr. John",male,59.6,0,1,A/8956,15.66,,Q
18,0,1,"Davis, Mr. George",male,20.7,2,2,A/8973,105.6,C37,Q
19,1,3,"Miller, Mr. John",male,64.4,1,0,A/1931,24.29,B18,S
20,0,3,"Johnson, Mr. Charles",male,,0,1,A/9565,12.69,,S
21,0,2,"Williams, Mr. George",male,65.6,0,1,A/2638,18.3,,S
22,1,3,"Brown, Miss. Margaret",female,38.5,0,2,A/9666,7.14,,S
23,1,3,"Williams, Miss. Minnie",female,,1,0,A/5462,12.07,,S
24,1,3,"Taylor, Miss. Alice",female,4.5,2,1,A/5533,7.79,,S
25,0,3,"Wilson, Mr. Joseph",male,,2,0,A/9938,7.65,,S
26,0,2,"Miller, Mr. John",male,18.2,0,0,A/7658,58.82,,Q
27,1,1,"Williams, Mr. Joseph",male,23.9,1,0,A/5371,106.62,A58,C
28,0,3,"Wilson, Mr. Frank",male,16.7,0,0,A/7528,12.91,,Q
29,0,2,"Davis, Mr. Frank",male,,0,0,A/5349,16.72,,S
30,0,3,"Taylor, Mr. William",male,18.6,2,1,A/1027,16.36,,S
31,1,3,"Brown, Miss. Margaret",female,64.5,1,0,A/3041,19.96,,S
32,0,2,"Jones, Mr. James",male,27.2,2,0,A/5930,33.27,,S
33,1,1,"Anderson, Miss. Margaret",female,15.7,1,0,A/2389,135.27,E52,S
34,0,3,"Jones, Mr. Charles",male,,0,0,A/8784,18.0,,S
35,0,3,"Davis, Mr. Thomas",male,,2,0,A/2746,21.01,,C
36,0,3,"Taylor, Mr. Charles",male,,0,1,A/9702,24.78,,Q
37,0,3,"Taylor, Mr. Joseph",male,62.9,2,1,A/8373,11.67,,S
38,0,3,"Brown, Mr. George",male,17.2,0,0,A/9849,8.45,,S
39,1,1,"Davis, Mr. Joseph",male,5.3,1,1,A/1320,267.05,E58,S
40,0,3,"Davis, Mr. Joseph",male,56.2,0,1,A/4595,11.91,,S
41,0,3,"Williams, Miss. Alice",female,37.9,1,2,A/1444,8.51,,C
42,0,1,"Miller, Mr. Charles",male,61.7,0,1,A/5133,262.03,D12,C
43,1,1,"Brown, Miss. Anna",female,53.0,0,0,A/1333,212.91,B26,S
44,1,1,"Wilson, Miss. Minnie",female,,1,0,A/3683,291.89,A84,S
45,0,2,"Davis, Miss. Ida",female,,1,0,A/2669,46.37,,S
46,1,3,"Anderson, Miss. Mary",female,26.6,1,0,A/1207,22.29,,S
47,0,3,"Wilson, Mr. James",male,67.6,0,2,A/9817,20.94,,C
48,0,3,"Brown, Mr. William",male,52.8,1,2,A/7209,13.06,,S
49,0,3,"Jones, Mr. Frank",male,61.7,1,0,A/9464,24.07,D72,S
50,0,2,"Wilson, Mr. Thomas",male,,0,1,A/4986,28.78,,S
51,0,3,"Taylor, Mr. Frank",male,22.2,0,0,A/4155,12.68,,Q
52,0,3,"Wilson, Mr. George",male,37.2,0,0,A/4180,12.33,,S
53,0,3,"Smith, Mr. John",male,9.7,1,0,A/1200,17.33,,S
54,0,1,"Wilson, Mr. William",male,6.1,2,0,A/3485,104.32,E48,S
55,0,2,"Davis, Mr. Charles",male,63.7,0,2,A/8025,28.74,,S
56,1,3,"Brown, Miss. Elizabeth",female,,0,0,A/2229,9.82,,S
57,0,3,"Jones, Mr. George",male,48.4,0,2,A/4241,14.65,,S
58,1,3,"Johnson, Miss. Mary",female,52.7,1,0,A/8195,9.24,,S
59,1,3,"Wilson, Mr. Thomas",male,,1,0,A/5102,7.47,,S
60,0,3,"Smith, Mr. George",male,13.1,1,1,A/5557,10.27,,S
61,0,3,"Miller, Mr. Joseph",male,60.2,0,1,A/9117,12.19,,C
62,0,3,"Miller, Mr. George",male,28.9,1,0,A/9889,15.32,E56,S
63,0,3,"Smith, Mr. Charles",male,,0,1,A/8941,9.19,,S
64,0,1,"Taylor, Mr. John",male,,0,1,A/2924,218.97,B73,Q
65,0,2,"Davis, Miss. Alice",female,39.0,1,0,A/9327,48.58,A45,C
66,0,3,"Taylor, Mr. George",male,21.6,1,2,A/9022,22.57,,S
67,0,2,"Davis, Miss. Alice",female,68.7,0,2,A/7274,25.51,,S
68,0,3,"Davis, Miss. Ida",female,46.0,0,1,A/1606,9.27,,S
69,1,1,"Johnson, Miss. Alice",female,,2,0,A/2225,177.98,C53,S
70,0,2,"Miller, Mr. Joseph",male,62.2,1,2,A/1588,42.79,,S
71,0,2,"Johnson, Mr. Joseph",male,49.6,0,1,A/3725,46.23,,S
72,1,3,"Miller, Mr. Joseph",male,40.0,0,0,A/3868,8.42,,S
73,1,2,"Williams, Miss. Elizabeth",female,18.6,0,1,A/5712,45.49,,S
74,0,2,"Davis, Mr. George",male,70.0,1,0,A/4886,32.16,,S
75,1,3,"Davis, Mr. George",male,54.7,0,2,A/9138,21.99,,C
76,1,1,"Brown, Miss. Elizabeth",female,50.7,2,0,A/2591,277.78,A49,C
77,0,1,"Williams, Mr. William",male,29.7,0,0,A/9837,271.59,C77,S
78,0,2,"Wilson, Mr. George",male,8.9,0,0,A/4696,53.71,,Q
79,0,3,"Miller, Miss. Anna",female,,1,0,A/8451,13.63,,S
80,0,2,"Miller, Mr. William",male,43.7,1,0,A/4626,44.14,,S
81,1,3,"Johnson, Mr. James",male,,1,0,A/2592,11.23,,S
82,1,2,"Taylor, Miss. Ida",female,62.1,2,0,A/9017,42.7,,S
83,0,3,"Wilson, Mr. Charles",male,,2,0,A/9920,23.23,,S
84,1,2,"Wilson, Miss. Anna",female,42.2,0,0,A/6464,25.96,E36,S
85,0,3,"Brown, Mr. Charles",male,,1,0,A/5542,22.45,B79,S
86,1,1,"Smith, Miss. Emma",female,17.4,0,0,A/3854,131.03,B63,S
87,0,3,"Miller, Mr. William",male,43.4,2,2,A/5941,15.24,,S
88,0,3,"Johnson, Mr. Thomas",male,63.0,0,2,A/3430,8.18,,S
89,0,3,"Anderson, Mr. George",male,7.8,2,0,A/4522,14.74,,S
90,0,3,"Johnson, Mr. Frank",male,26.8,0,1,A/2099,8.64,D22,C
91,0,2,"Smith, Mr. Frank",male,61.3,1,0,A/5712,42.02,,S
92,1,1,"Brown, Miss. Anna",female,8.9,0,2,A/4705,255.66,E89,S
93,0,3,"Jones, Mr. John",male,22.3,0,0,A/1100,10.27,D18,S
94,0,3,"Taylor, Mr. Charles",male,11.9,0,0,A/2391,22.9,,C
95,0,1,"Wilson, Mr. Joseph",male,19.8,1,0,A/6655,168.88,C96,S
96,1,3,"Smith, Miss. Elizabeth",female,1.5,0,0,A/3248,20.75,,S
97,0,3,"Williams, Mr. Joseph",male,39.6,2,0,A/2180,14.15,,S
98,0,3,"Miller, Mr. Joseph",male,29.8,0,1,A/1341,24.39,,Q
99,1,3,"Miller, Miss. Anna",female,,1,2,A/7560,16.43,,S
100,0,2,"Williams, Mr. William",male,,1,0,A/6724,30.8,,S
101,1,1,"Jones, Mr. Charles",male,,2,0,A/3902,288.8,D69,C
102,0,3,"Anderson, Mr. Frank",male,11.4,0,1,A/8245,18.36,,S
103,1,2,"Wilson, Mr. Thomas",male,20.8,2,0,A/9307,32.3,,Q
104,0,3,"Anderson, Mr. Charles",male,11.4,0,1,A/2695,21.6,,Q
105,0,1,"Smith, Mr. Charles",male,37.2,1,0,A/6962,155.76,C59,S
106,0,2,"Miller, Mr. William",male,27.7,0,2,A/3463,30.0,,S
107,1,2,"Davis, Miss. Emma",female,22.4,1,0,A/3093,45.16,,C
108,1,3,"Davis, Mr. Frank",male,66.6,0,1,A/4145,11.08,A47,C
109,1,1,"Taylor, Miss. Mary",female,43.6,1,1,A/3527,107.32,E31,C
110,0,1,"Brown, Mr. Thomas",male,55.1,0,2,A/4918,141.18,D34,S
111,0,3,"Wilson, Miss. Minnie",female,29.9,0,0,A/3267,22.71,D57,S
112,1,1,"Johnson, Miss. Minnie",female,,1,2,A/3414,261.14,A38,C
113,1,3,"Davis, Miss. Mary",female,27.6,0,0,A/4678,7.51,,C
114,1,3,"Williams, Miss. Mary",female,49.0,0,1,A/8349,18.08,,S
115,1,1,"Anderson, Mr. Joseph",male,21.8,0,0,A/7878,216.96,E68,S
116,0,3,"Taylor, Mr. John",male,50.6,0,1,A/1025,18.07,,S
117,0,3,"Miller, Mr. William",male,55.3,1,2,A/1333,14.03,,S
118,0,3,"Smith, Mr. Frank",male,51.6,2,0,A/6447,9.4,,S
119,1,3,"Wilson, Miss. Alice",female,5.4,1,0,A/5807,10.63,,C
120,0,2,"Davis, Mr. Thomas",male,14.2,0,0,A/6438,27.29,,S
121,0,2,"Davis, Mr. Frank",male,35.3,1,0,A/2353,47.72,E33,S
122,0,2,"Jones, Mr. George",male,12.5,1,0,A/8325,16.91,,S
123,0,3,"Smith, Mr. William",male,36.4,2,0,A/1510,9.57,,C
124,0,1,"Miller, Mr. Frank",male,42.8,2,1,A/7077,155.56,A83,S
125,0,2,"Jones, Mr. Charles",male,,0,1,A/9482,32.41,,S
126,0,2,"Anderson, Mr. George",male,14.8,0,0,A/8406,22.77,,Q
127,0,3,"Miller, Miss. Margaret",female,21.0,0,0,A/3852,21.29,,S
128,0,1,"Wilson, Mr. John",male,33.3,1,0,A/2412,85.12,D71,S
129,0,3,"Johnson, Miss. Emma",female,32.0,2,2,A/6644,9.31,,S
130,1,3,"Williams, Miss. Ida",female,58.4,1,0,A/5982,9.96,,C
131,1,2,"Jones, Miss. Anna",female,39.0,0,0,A/9740,19.2,,S
132,0,3,"Anderson, Mr. Frank",male,57.9,0,0,A/1744,24.07,,S
133,0,1,"Anderson, Mr. John",male,21.0,0,1,A/5012,255.08,D48,S
134,0,3,"Davis, Mr. Thomas",male,10.9,2,0,A/6658,24.56,C75,S
135,0,2,"Jones, Mr. Thomas",male,,0,1,A/7850,26.17,,S
136,0,2,"Miller, Mr. Charles",male,36.5,1,0,A/9148,16.04,,S
137,1,3,"Miller, Mr. John",male,61.9,2,1,A/5681,16.66,,S
138,1,3,"Davis, Miss. Margaret",female,,1,0,A/6939,16.96,E67,C
139,1,2,"Anderson, Miss. Anna",female,,0,0,A/6990,48.97,,S
140,0,3,"Williams, Mr. Frank",male,11.3,1,0,A/6373,23.76,,S
141,1,3,"Anderson, Miss. Margaret",female,34.8,1,0,A/8780,21.68,,S
142,0,3,"Smith, Mr. Thomas",male,68.1,1,2,A/4728,19.99,,S
143,0,3,"Davis, Mr. James",male,40.5,2,0,A/4125,7.34,,S
144,0,3,"Anderson, Mr. Thomas",male,5.3,0,2,A/4397,17.1,,S
145,1,2,"Wilson, Miss. Margaret",female,60.9,2,0,A/8932,23.65,,S
146,1,1,"Jones, Miss. Minnie",female,34.7,1,0,A/5480,136.19,E96,S
147,0,3,"Miller, Mr. James",male,50.3,0,1,A/5201,20.45,,C
148,1,2,"Jones, Mr. James",male,17.5,0,2,A/4697,43.71,D52,C
149,1,1,"Smith, Miss. Emma",female,61.6,1,0,A/5706,143.87,A21,S
150,1,1,"Smith, Miss. Emma",female,65.4,0,1,A/9116,112.85,C14,S
151,0,3,"Miller, Mr. George",male,37.2,0,2,A/8668,11.91,,S
152,0,3,"Williams, Mr. John",male,40.2,0,0,A/7643,21.89,,S
153,0,3,"Williams, Mr. Thomas",male,19.0,0,1,A/5374,24.17,,C
154,1,1,"Brown, Miss. Mary",female,12.0,2,2,A/6095,228.77,C57,S
155,0,1,"Williams, Mr. Thomas",male,29.7,1,1,A/9806,254.46,B41,S
156,1,3,"Taylor, Miss. Alice",female,64.3,0,0,A/9972,23.25,,S
157,1,1,"Wilson, Miss. Anna",female,34.7,1,1,A/1911,174.29,E63,S
158,0,1,"Jones, Mr. John",male,52.5,1,0,A/1742,167.45,A79,Q
159,0,3,"Wilson, Mr. John",male,,0,1,A/7135,24.87,,C
160,0,3,"Taylor, Mr. James",male,13.3,1,1,A/9664,9.29,,C
161,1,3,"Wilson, Miss. Ida",female,18.1,0,0,A/5516,10.39,,C
162,1,1,"Anderson, Miss. Mary",female,,1,0,A/8314,207.49,A41,C
163,1,2,"Brown, Mr. John",male,17.2,2,2,A/6224,40.99,,C
164,1,1,"Taylor, Miss. Elizabeth",female,39.4,1,0,A/7999,197.85,A54,Q
165,1,3,"Miller, Miss. Ida",female,13.7,1,1,A/4948,22.29,,C
166,0,3,"Taylor, Miss. Ida",female,10.3,0,0,A/4331,12.94,D57,S
167,0,3,"Jones, Mr. Joseph",male,61.3,0,2,A/4555,15.63,,S
168,0,3,"Brown, Mr. William",male,64.1,2,2,A/4350,14.14,,S
169,0,2,"Miller, Mr. George",male,35.3,0,1,A/6246,56.14,,S
170,0,3,"Williams, Mr. John",male,41.0,1,0,A/3497,10.53,,S
171,0,2,"Miller, Mr. George",male,50.9,2,1,A/8550,22.57,,S
172,0,3,"Taylor, Mr. John",male,6.1,2,0,A/1104,14.42,,S
173,0,3,"Taylor, Mr. Thomas",male,47.0,1,1,A/8993,7.28,,S
174,1,1,"Taylor, Miss. Minnie",female,47.5,0,0,A/2578,190.61,B34,S
175,0,2,"Davis, Mr. William",male,40.0,2,0,A/5914,45.78,,S
176,1,3,"Johnson, Miss. Ida",female,4.9,0,0,A/2354,16.0,,C
177,1,3,"Johnson, Miss. Mary",female,48.8,1,1,A/5441,7.84,C79,S
178,0,1,"Miller, Miss. Mary",female,52.9,2,1,A/2260,138.83,E40,S
179,1,3,"Taylor, Miss. Margaret",female,55.5,2,0,A/9204,20.42,,S
180,0,1,"Anderson, Mr. Joseph",male,44.8,1,1,A/4737,151.84,D65,S
181,0,3,"Anderson, Mr. George",male,6.7,0,1,A/3527,20.31,,S
182,1,1,"Miller, Mr. George",male,,1,1,A/9395,163.85,A21,S
183,1,1,"Miller, Mr. Joseph",male,54.8,2,2,A/4977,201.55,B97,S
184,1,1,"Wilson, Mr. James",male,30.1,1,0,A/6916,127.89,B90,S
185,1,3,"Williams, Mr. George",male,59.1,1,0,A/8212,13.03,,C
186,0,3,"Miller, Mr. Charles",male,,1,0,A/5775,20.23,,Q
187,0,3,"Jones, Mr. Joseph",male,14.8,1,0,A/1440,24.15,,C
188,0,2,"Johnson, Mr. Joseph",male,,0,0,A/5139,44.64,,C
189,1,1,"Wilson, Miss. Ida",female,61.0,1,2,A/1602,251.87,C99,C
190,0,3,"Johnson, Mr. William",male,25.5,2,2,A/1725,17.14,,S
191,1,3,"Davis, Mr. William",male,36.2,1,2,A/4621,15.02,,C
192,0,3,"Miller, Mr. John",male,64.5,0,0,A/3321,13.27,,C
193,0,3,"Johnson, Mr. Thomas",male,5.6,0,0,A/1370,22.29,,S
194,1,1,"Brown, Miss. Emma",female,30.4,1,0,A/7636,214.84,B91,S
195,1,2,"Brown, Miss. Alice",female,49.6,0,0,A/2025,40.98,,S
196,0,2,"Johnson, Mr. George",male,67.6,0,2,A/7367,42.51,,S
197,0,3,"Jones, Mr. William",male,17.5,0,0,A/7116,19.48,,S
198,0,1,"Williams, Mr. Thomas",male,45.5,0,2,A/3733,182.62,B33,S
199,0,3,"Miller, Mr. John",male,,1,2,A/9281,18.76,,S
200,0,3,"Williams, Mr. William",male,16.2,0,0,A/4683,16.68,,S
201,1,3,"Taylor, Miss. Anna",female,38.5,0,2,A/1681,20.68,,S
202,0,2,"Brown, Miss. Minnie",female,,0,0,A/2425,34.76,,C
203,1,1,"Anderson, Miss. Margaret",female,30.5,1,0,A/4385,257.11,A82,S
204,0,2,"Miller, Mr. George",male,60.2,2,0,A/3221,58.32,,Q
205,1,3,"Williams, Miss. Emma",female,58.2,2,1,A/9019,9.56,,S
206,0,2,"Johnson, Mr. Joseph",male,65.6,0,1,A/8996,29.73,A68,S
207,1,3,"Taylor, Miss. Ida",female,15.6,0,0,A/5646,13.08,,S
208,1,3,"Smith, Mr. John",male,32.7,0,0,A/8230,15.22,,S
209,0,3,"Jones, Miss. Emma",female,7.4,0,0,A/2350,13.69,,S
210,0,2,"Brown, Mr. Joseph",male,1.1,1,0,A/3174,41.72,,S
211,0,1,"Johnson, Mr. Joseph",male,16.8,0,0,A/2690,142.07,C27,S
212,1,3,"Williams, Miss. Anna",female,,2,0,A/8210,13.32,,C
213,1,3,"Wilson, Mr. Charles",male,,0,2,A/7291,13.33,,C
214,0,2,"Brown, Mr. George",male,59.5,2,0,A/4366,38.3,,C
215,0,2,"Brown, Mr. Thomas",male,45.0,0,2,A/1197,59.41,,S
216,0,3,"Miller, Mr. James",male,54.2,0,2,A/2106,7.25,,Q
217,0,3,"Jones, Mr. Joseph",male,45.2,1,2,A/3501,11.99,,S
218,1,1,"Taylor, Miss. Margaret",female,58.6,2,0,A/6081,230.7,B17,S
219,0,3,"Anderson, Mr. John",male,52.1,0,0,A/3248,19.63,,Q
220,1,3,"Jones, Miss. Emma",female,61.3,2,0,A/1480,13.03,,S
221,1,2,"Johnson, Miss. Alice",female,35.5,1,0,A/7024,22.08,,C
222,1,3,"Taylor, Mr. John",male,17.9,1,0,A/7274,23.56,,Q
223,1,1,"Davis, Miss. Elizabeth",female,50.7,0,0,A/7108,97.46,A32,S
224,0,3,"Davis, Mr. William",male,54.4,0,0,A/2415,16.96,B47,S
225,0,2,"Wilson, Mr. Frank",male,54.3,0,2,A/5016,21.78,,S
226,1,3,"Smith, Mr. Frank",male,59.6,2,0,A/2703,10.69,,S
227,1,3,"Williams, Miss. Minnie",female,62.9,1,1,A/7102,15.25,,S
228,0,3,"Davis, Mr. William",male,,2,0,A/4879,12.25,,Q
229,1,2,"Miller, Miss. Margaret",female,66.1,0,2,A/2785,21.99,,S
230,0,2,"Brown, Mr. Thomas",male,9.3,0,0,A/1660,24.68,,S
231,1,3,"Davis, Miss. Mary",female,69.4,0,1,A/8408,17.01,,S
232,1,1,"Johnson, Miss. Mary",female,16.3,0,1,A/7098,227.85,A84,S
233,0,3,"Johnson, Mr. Charles",male,9.9,0,0,A/1699,23.96,E65,C
234,0,2,"Davis, Mr. James",male,20.0,1,0,A/1567,42.63,,S
235,1,3,"Wilson, Miss. Mary",female,29.9,2,2,A/5082,18.35,,C
236,1,3,"Miller, Miss. Alice",female,64.0,1,0,A/7363,11.87,E38,S
237,0,3,"Wilson, Mr. Frank",male,68.2,0,0,A/4951,11.8,,Q
238,1,1,"Brown, Miss. Ida",female,59.3,0,0,A/6210,255.43,C85,S
239,1,3,"Anderson, Miss. Emma",female,,1,2,A/6063,10.16,A39,S
240,0,1,"Miller, Mr. Charles",male,13.2,0,0,A/1359,103.97,B24,C
241,1,3,"Miller, Miss. Ida",female,23.3,0,1,A/8982,18.69,,Q
242,1,3,"Miller, Miss. Elizabeth",female,27.1,2,0,A/3086,10.2,E60,C
243,0,3,"Williams, Mr. Frank",male,16.2,1,0,A/9129,9.53,,S
244,0,3,"Johnson, Mr. Frank",male,18.2,0,0,A/5205,21.17,,S
245,0,2,"Williams, Mr. Joseph",male,38.7,0,1,A/4695,22.32,A47,S
246,0,2,"Miller, Mr. James",male,,0,2,A/2525,30.21,,C
247,0,3,"Williams, Mr. Joseph",male,,0,0,A/7705,19.55,,C
248,1,2,"Brown, Mr. William",male,58.9,0,0,A/6911,15.17,E71,S
249,0,1,"Jones, Mr. William",male,,1,1,A/9013,275.82,C21,S
250,0,2,"Davis, Mr. Frank",male,,1,1,A/5315,25.18,,S
251,0,3,"Johnson, Miss. Margaret",female,53.2,0,2,A/1999,22.13,,S
252,1,3,"Wilson, Miss. Elizabeth",female,,2,0,A/9226,17.28,,S
253,0,3,"Wilson, Mr. James",male,,0,0,A/3067,7.77,D35,Q
254,0,3,"Jones, Miss. Margaret",female,5.6,1,2,A/7510,16.94,,S
255,1,3,"Anderson, Mr. Joseph",male,,1,2,A/2641,23.65,,S
256,0,2,"Miller, Mr. Joseph",male,40.5,1,0,A/3821,27.39,E97,S
257,1,1,"Miller, Miss. Elizabeth",female,19.5,0,0,A/6535,258.0,C49,S
258,1,3,"Johnson, Miss. Elizabeth",female,31.6,0,0,A/7828,17.89,D37,Q
259,0,2,"Taylor, Mr. Frank",male,12.0,0,2,A/7609,21.1,,C
260,1,1,"Brown, Mr. John",male,64.3,2,0,A/5488,154.72,D74,S
261,1,3,"Brown, Miss. Margaret",female,67.3,1,2,A/6730,13.2,,S
262,1,3,"Smith, Mr. Joseph",male,54.8,0,0,A/4688,19.2,,S
263,1,1,"Smith, Miss. Alice",female,42.5,0,0,A/5135,209.92,C92,S
264,1,3,"Wilson, Miss. Minnie",female,36.9,1,1,A/2676,7.13,,Q
265,0,3,"Anderson, Mr. George",male,,0,0,A/5529,18.53,,S
266,1,3,"Jones, Miss. Elizabeth",female,63.1,1,1,A/6236,19.25,,S
267,0,3,"Davis, Mr. Joseph",male,,2,2,A/4111,13.18,,S
268,0,3,"Miller, Mr. George",male,61.5,0,0,A/2599,15.47,,C
269,1,3,"Miller, Miss. Anna",female,61.1,1,0,A/7089,11.69,,C
270,1,3,"Anderson, Miss. Anna",female,,0,1,A/9680,12.37,B27,Q
271,1,2,"Wilson, Miss. Emma",female,54.7,1,0,A/3897,29.1,D45,S
272,0,3,"Williams, Mr. Thomas",male,9.9,1,1,A/7609,14.72,,S
273,0,3,"Smith, Miss. Margaret",female,2.2,0,0,A/4707,19.48,,S
274,0,2,"Williams, Mr. William",male,21.1,2,2,A/9587,30.2,,Q
275,1,2,"Miller, Miss. Elizabeth",female,57.0,0,0,A/4675,47.72,A85,S
276,1,1,"Smith, Miss. Ida",female,37.9,0,2,A/1785,222.25,A16,S
277,0,2,"Taylor, Mr. George",male,,2,0,A/5933,33.94,E44,S
278,0,3,"Johnson, Mr. William",male,35.3,1,0,A/5308,21.97,,S
279,0,2,"Taylor, Mr. Thomas",male,34.2,0,0,A/1208,45.22,,C
280,0,3,"Johnson, Mr. William",male,,0,0,A/8483,24.8,,S
281,0,1,"Smith, Mr. George",male,30.4,0,0,A/1751,72.22,B94,S
282,0,2,"Anderson, Miss. Minnie",female,,0,0,A/2865,33.03,,S
283,1,2,"Davis, Miss. Emma",female,5.0,0,0,A/7816,56.01,,S
284,0,2,"Miller, Mr. John",male,51.2,0,1,A/8997,20.08,,S
285,0,2,"Taylor, Mr. Charles",male,24.3,1,2,A/2560,34.48,,S
286,1,3,"Williams, Mr. John",male,35.9,1,1,A/3709,8.35,,S
287,0,3,"Brown, Mr. Joseph",male,32.7,1,1,A/2442,22.42,,S
288,1,3,"Johnson, Miss. Ida",female,1.0,0,2,A/5990,23.02,,S
289,0,3,"Smith, Mr. Charles",male,54.0,1,1,A/6952,19.89,B10,S
290,0,3,"Jones, Miss. Margaret",female,,0,1,A/3301,21.79,,S
291,0,2,"Johnson, Mr. Joseph",male,14.1,0,0,A/7790,17.09,,S
292,0,1,"Wilson, Miss. Emma",female,,2,0,A/8091,262.93,D75,C
293,1,3,"Williams, Miss. Emma",female,42.8,0,2,A/7302,14.54,,S
294,0,2,"Miller, Mr. George",male,,1,2,A/9393,28.45,,C
295,1,3,"Brown, Miss. Elizabeth",female,48.4,2,0,A/3913,16.07,,S
296,0,1,"Wilson, Mr. Joseph",male,37.8,1,0,A/9564,94.49,D28,S
297,0,1,"Williams, Mr. George",male,,0,0,A/4342,243.33,A55,C
298,1,1,"Taylor, Miss. Elizabeth",female,17.4,2,0,A/1769,283.09,D63,Q
299,1,3,"Taylor, Mr. John",male,43.8,1,0,A/7025,20.59,,S
300,1,3,"Jones, Miss. Alice",female,13.9,0,2,A/2955,13.79,,S
301,1,1,"Jones, Mr. John",male,11.7,0,0,A/1833,247.94,E94,S
302,0,3,"Johnson, Mr. Frank",male,36.9,1,0,A/7814,16.78,,S
303,1,3,"Miller, Miss. Margaret",female,43.7,1,2,A/1144,9.06,,S
304,1,3,"Brown, Miss. Mary",female,64.2,0,1,A/5203,16.72,,Q
305,0,3,"Taylor, Mr. Thomas",male,46.0,0,2,A/2349,24.07,,Q
306,0,3,"Johnson, Mr. Charles",male,60.7,1,0,A/4368,16.68,,Q
307,1,3,"Johnson, Mr. James",male,3.6,0,0,A/3916,21.3,,S
308,0,1,"Davis, Mr. Thomas",male,2.2,2,0,A/9762,71.36,E18,C
309,0,3,"Johnson, Miss. Margaret",female,,2,0,A/2417,12.07,,S
310,1,3,"Williams, Mr. Charles",male,56.0,1,0,A/3360,12.37,,Q
311,1,3,"Smith, Mr. James",male,,1,1,A/9800,16.86,B54,S
312,1,3,"Williams, Miss. Emma",female,18.4,0,0,A/1891,22.32,,Q
313,0,3,"Jones, Mr. William",male,,1,1,A/6420,13.43,,S
314,0,2,"Brown, Mr. Frank",male,46.5,2,2,A/3496,40.45,,S
315,0,2,"Brown, Mr. Charles",male,20.1,0,0,A/6432,54.5,,S
316,0,2,"Williams, Mr. William",male,10.7,1,0,A/5312,48.01,,C
317,0,3,"Smith, Miss. Ida",female,3.5,0,2,A/9842,15.5,,S
318,1,1,"Jones, Miss. Emma",female,28.4,1,0,A/4913,265.04,E97,S
319,0,3,"Williams, Mr. James",male,25.8,0,1,A/4796,8.13,,S
320,1,1,"Miller, Miss. Ida",female,4.2,2,0,A/2691,231.86,E91,C
321,0,3,"Taylor, Mr. James",male,41.5,0,2,A/5121,13.77,,S
322,0,2,"Wilson, Miss. Alice",female,,0,1,A/3713,25.35,,S
323,0,1,"Anderson, Mr. William",male,23.8,0,1,A/8844,180.17,E30,S
324,1,2,"Williams, Mr. James",male,62.5,0,0,A/3725,26.62,,Q
325,0,3,"Smith, Mr. George",male,42.9,1,1,A/3794,10.95,,S
326,1,3,"Anderson, Miss. Minnie",female,64.6,1,2,A/2127,11.14,,S
327,1,1,"Taylor, Miss. Ida",female,13.2,1,2,A/1639,271.88,E74,C
328,1,1,"Anderson, Miss. Mary",female,45.8,1,1,A/7068,271.21,E64,S
329,1,3,"Davis, Miss. Margaret",female,53.5,2,2,A/2600,14.66,,C
330,0,3,"Anderson, Mr. Joseph",male,,2,0,A/9561,9.12,B98,C
331,0,2,"Davis, Mr. George",male,40.0,1,0,A/7511,48.97,,C
332,0,3,"Taylor, Mr. Thomas",male,24.8,2,1,A/3262,22.39,,C
333,1,2,"Williams, Miss. Anna",female,24.4,1,2,A/1852,22.23,,S
334,1,1,"Anderson, Mr. Joseph",male,26.6,1,0,A/7296,284.06,D88,S
335,1,2,"Smith, Miss. Emma",female,14.9,2,2,A/5685,23.76,,S
336,0,3,"Smith, Mr. Frank",male,,0,0,A/5520,21.03,,S
337,0,3,"Johnson, Mr. William",male,39.6,1,0,A/6693,24.34,,S
338,1,1,"Anderson, Miss. Mary",female,8.3,0,2,A/5821,148.19,A75,Q
339,1,3,"Anderson, Miss. Minnie",female,39.9,0,0,A/8517,19.27,,C
340,0,3,"Davis, Mr. Charles",male,22.8,0,2,A/9776,7.18,,S
341,1,1,"Miller, Miss. Anna",female,,0,0,A/4580,275.69,C33,Q
342,1,3,"Wilson, Miss. Elizabeth",female,19.3,0,0,A/5091,22.05,,C
343,0,1,"Wilson, Mr. John",male,3.9,1,0,A/6167,183.24,E45,S
344,1,3,"Jones, Miss. Ida",female,4.7,1,1,A/9859,7.59,,C
345,0,3,"Johnson, Mr. Thomas",male,,2,0,A/7216,17.46,,S
346,0,2,"Brown, Mr. George",male,26.2,1,1,A/4449,33.86,,S
347,0,2,"Anderson, Mr. James",male,57.2,2,0,A/4863,39.99,,S
348,1,3,"Wilson, Miss. Mary",female,69.7,2,2,A/9748,19.97,,S
349,0,3,"Davis, Mr. William",male,,0,1,A/2577,15.1,,S
350,1,3,"Jones, Miss. Margaret",female,,2,2,A/4259,17.38,,S
351,0,3,"Miller, Mr. Thomas",male,6.4,1,0,A/8598,18.37,B91,C
352,0,2,"Anderson, Mr. Joseph",male,,0,0,A/4739,29.11,,C
353,0,3,"Wilson, Mr. Frank",male,32.1,0,0,A/1378,9.25,,S
354,1,3,"Brown, Miss. Emma",female,,1,2,A/1881,7.47,,C
355,0,1,"Williams, Mr. William",male,22.3,0,0,A/8260,214.09,B77,C
356,1,1,"Miller, Miss. Alice",female,65.5,1,1,A/3213,292.99,E32,S
357,1,3,"Anderson, Miss. Ida",female,22.4,0,1,A/9841,11.09,C56,S
358,1,1,"Taylor, Mr. James",male,1.6,1,1,A/5908,72.1,D47,S
359,0,3,"Brown, Mr. Joseph",male,18.2,2,1,A/7199,10.97,B76,C
360,1,3,"Jones, Miss. Minnie",female,19.5,0,0,A/3988,9.46,D89,S
361,0,3,"Miller, Mr. John",male,2.5,0,0,A/5410,9.25,,S
362,0,1,"Brown, Mr. Frank",male,35.4,0,1,A/1519,145.96,B17,S
363,0,2,"Williams, Mr. Charles",male,27.3,0,0,A/5078,32.32,,S
364,0,3,"Johnson, Mr. Charles",male,22.5,0,0,A/1691,20.41,,S
365,0,3,"Miller, Mr. John",male,8.8,2,1,A/6316,7.27,,S
366,0,2,"Smith, Mr. Thomas",male,,0,0,A/3583,37.5,,S
367,1,3,"Smith, Miss. Mary",female,,1,0,A/3061,15.78,,S
368,1,3,"Wilson, Mr. Charles",male,51.0,0,0,A/8951,19.72,,S
369,0,3,"Taylor, Mr. Frank",male,60.9,1,2,A/3627,8.24,,S
370,0,2,"Smith, Mr. Joseph",male,43.8,0,2,A/4912,29.43,E59,S
371,1,3,"Williams, Miss. Minnie",female,8.6,1,0,A/1717,22.03,A35,S
372,0,1,"Davis, Mr. Thomas",male,18.7,0,0,A/2161,73.01,B93,S
373,0,3,"Smith, Mr. Frank",male,29.7,0,0,A/5355,16.52,,C
374,1,1,"Taylor, Mr. William",male,27.6,0,2,A/5075,201.11,B81,C
375,0,2,"Anderson, Mr. Frank",male,30.5,0,0,A/3955,39.75,,S
376,0,3,"Miller, Mr. Frank",male,59.3,1,1,A/6299,17.95,,S
377,0,3,"Jones, Miss. Margaret",female,28.4,2,0,A/5660,17.72,,Q
378,0,2,"Brown, Mr. Charles",male,,2,0,A/9376,40.03,,S
379,0,1,"Williams, Mr. George",male,17.1,0,0,A/7550,200.88,B19,C
380,0,3,"Anderson, Mr. William",male,51.4,1,1,A/2285,21.04,,S
381,0,3,"Johnson, Mr. Charles",male,65.1,2,1,A/1886,12.49,E82,S
382,0,3,"Smith, Mr. Joseph",male,40.7,0,0,A/8076,12.22,,S
383,1,1,"Smith, Mr. Joseph",male,31.0,2,0,A/3209,180.61,B72,S
384,0,3,"Taylor, Mr. Charles",male,30.7,2,2,A/2467,9.03,,S
385,1,1,"Smith, Mr. George",male,57.7,1,2,A/3389,171.31,B35,S
386,1,1,"Johnson, Miss. Anna",female,43.8,0,0,A/1225,148.95,A49,S
387,1,1,"Taylor, Mr. Charles",male,18.8,1,2,A/3315,229.87,A58,S
388,0,3,"Williams, Mr. John",male,43.6,0,1,A/1136,8.2,,S
389,0,3,"Johnson, Mr. John",male,27.7,1,2,A/2631,23.27,,S
390,1,1,"Wilson, Mr. John",male,22.0,1,1,A/3572,74.23,C55,S
391,1,1,"Taylor, Miss. Minnie",female,61.6,0,2,A/5590,121.88,C60,S
392,0,1,"Anderson, Mr. Charles",male,30.4,0,2,A/6395,173.31,B36,S
393,1,3,"Brown, Miss. Emma",female,37.1,0,1,A/3378,18.81,,S
394,1,1,"Johnson, Mr. James",male,51.2,0,1,A/7737,139.77,C29,C
395,0,1,"Anderson, Mr. George",male,42.1,0,0,A/6886,88.28,D27,S
396,0,3,"Miller, Miss. Emma",female,10.5,0,0,A/1528,14.35,,Q
397,1,3,"Brown, Mr. Charles",male,69.0,1,1,A/6323,22.6,,S
398,0,3,"Davis, Mr. Frank",male,40.5,1,2,A/1630,16.37,,C
399,0,1,"Taylor, Miss. Ida",female,,1,2,A/1807,113.67,D60,C
400,0,3,"Williams, Mr. Joseph",male,48.6,0,1,A/8400,8.63,,S
401,1,3,"Taylor, Miss. Emma",female,2.7,1,2,A/4308,22.89,C98,S
402,1,3,"Johnson, Mr. William",male,26.0,1,1,A/9383,18.02,,S
403,1,1,"Miller, Mr. James",male,,2,0,A/7874,140.85,D46,S
404,0,1,"Brown, Mr. John",male,32.6,1,2,A/1094,209.84,D40,S
405,0,3,"Wilson, Mr. William",male,,1,0,A/4401,7.88,C14,S
406,1,1,"Anderson, Mr. George",male,,0,1,A/3920,107.11,C88,S
407,0,3,"Taylor, Mr. James",male,25.9,0,0,A/5903,12.81,,C
408,1,3,"Johnson, Miss. Minnie",female,,0,0,A/9635,14.45,,S
409,0,1,"Taylor, Mr. William",male,65.4,2,0,A/7996,210.03,C43,S
410,0,3,"Williams, Mr. Thomas",male,35.0,0,2,A/4812,19.75,,S
411,0,1,"Johnson, Mr. Charles",male,29.6,0,0,A/4478,72.6,B98,S
412,0,3,"Taylor, Mr. Frank",male,,0,0,A/7488,20.04,,S
413,0,1,"Miller, Mr. Thomas",male,45.6,1,0,A/8546,275.17,E52,S
414,1,3,"Smith, Miss. Minnie",female,39.3,0,0,A/6434,21.39,,S
415,0,3,"Smith, Mr. Frank",male,59.1,1,2,A/7382,10.37,C50,C
416,0,2,"Brown, Mr. Frank",male,15.9,0,0,A/2838,31.84,B21,S
417,1,1,"Taylor, Mr. James",male,51.5,1,0,A/6363,102.96,A76,S
418,1,1,"Wilson, Miss. Ida",female,1.3,0,2,A/2426,146.66,A23,S
419,0,3,"Anderson, Mr. George",male,14.8,0,0,A/9720,12.74,,S
420,1,1,"Smith, Mr. William",male,23.0,0,0,A/5011,109.39,C88,C
421,0,3,"Smith, Mr. Thomas",male,,1,0,A/2410,14.68,,S
422,1,3,"Wilson, Miss. Margaret",female,50.2,2,2,A/2286,24.53,,S
423,1,1,"Wilson, Miss. Anna",female,50.0,1,1,A/4796,287.91,B88,S
424,0,2,"Miller, Mr. Frank",male,,1,0,A/6758,36.54,,S
425,0,2,"Taylor, Mr. William",male,8.4,1,0,A/5949,38.97,,S
426,1,3,"Wilson, Mr. Joseph",male,48.9,1,1,A/6606,16.8,,S
427,1,1,"Anderson, Miss. Alice",female,23.5,0,1,A/3886,140.85,D18,S
428,0,3,"Davis, Mr. Frank",male,7.2,0,2,A/1003,20.63,,S
429,0,2,"Wilson, Mr. Charles",male,21.7,2,0,A/8122,47.3,,Q
430,0,3,"Taylor, Mr. Joseph",male,5.3,1,0,A/1013,19.66,,S
431,0,3,"Brown, Miss. Ida",female,23.0,1,1,A/7251,14.83,,S
432,1,1,"Miller, Mr. Joseph",male,47.2,0,0,A/2175,219.13,B72,S
433,0,3,"Williams, Mr. Joseph",male,49.0,1,2,A/3945,15.18,,C
434,0,2,"Davis, Mr. John",male,17.3,1,0,A/7731,56.7,,S
435,0,1,"Miller, Mr. William",male,6.5,2,2,A/5578,176.94,A76,C
436,0,1,"Johnson, Mr. George",male,37.9,0,1,A/8438,187.91,D83,C
437,1,2,"Jones, Miss. Minnie",female,42.2,0,2,A/5267,17.76,,S
438,1,1,"Anderson, Miss. Mary",female,,1,0,A/5552,127.97,E45,S
439,0,2,"Anderson, Miss. Emma",female,46.5,0,0,A/5280,50.21,,S
440,0,3,"Johnson, Mr. James",male,58.8,1,1,A/4898,18.89,,S
441,0,3,"Smith, Miss. Minnie",female,,0,1,A/7533,15.57,,Q
442,0,3,"Davis, Mr. Thomas",male,31.0,0,1,A/7258,19.21,,S
443,1,1,"Miller, Miss. Ida",female,19.8,0,0,A/2610,128.73,E60,S
444,0,3,"Anderson, Mr. Charles",male,69.5,0,2,A/1173,19.11,,S
445,1,1,"Wilson, Mr. Frank",male,14.3,0,2,A/2506,83.08,E94,C
446,1,1,"Johnson, Mr. William",male,26.9,2,2,A/4027,276.08,B42,S
447,0,3,"Wilson, Mr. George",male,47.1,0,0,A/3653,21.05,,S
448,1,2,"Jones, Miss. Minnie",female,,0,2,A/7432,23.03,,S
449,0,3,"Johnson, Mr. Thomas",male,,0,0,A/5105,20.99,D29,S
450,1,1,"Davis, Mr. George",male,28.0,0,2,A/9039,179.97,D18,S
451,1,1,"Wilson, Miss. Anna",female,25.8,2,0,A/7563,82.69,A56,S
452,0,3,"Wilson, Mr. George",male,,0,1,A/4129,12.38,,S
453,1,3,"Wilson, Mr. Charles",male,,2,2,A/4907,15.81,E92,S
454,1,3,"Wilson, Miss. Mary",female,,2,0,A/7643,9.13,,S
455,0,3,"Taylor, Miss. Emma",female,6.0,2,0,A/9010,18.77,,Q
456,1,1,"Williams, Miss. Mary",female,,0,0,A/8474,210.58,E18,C
457,1,1,"Anderson, Mr. Charles",male,24.3,2,1,A/6312,97.78,E79,S
458,1,3,"Smith, Miss. Emma",female,,0,1,A/3753,19.53,,S
459,0,3,"Johnson, Mr. Joseph",male,,1,0,A/1104,7.13,,C
460,0,3,"Wilson, Mr. James",male,37.1,1,0,A/3859,17.99,B73,S
461,1,1,"Jones, Miss. Margaret",female,14.2,1,0,A/6929,268.43,E74,S
462,1,3,"Jones, Miss. Mary",female,48.3,1,1,A/3888,9.88,,S
463,0,2,"Jones, Mr. Frank",male,32.3,0,0,A/9804,22.91,,S
464,1,1,"Wilson, Miss. Margaret",female,63.0,0,0,A/6343,122.39,B62,C
465,1,2,"Wilson, Mr. Thomas",male,15.9,1,1,A/3917,32.43,B90,S
466,0,2,"Smith, Mr. John",male,,1,1,A/7852,22.7,,C
467,1,3,"Anderson, Miss. Emma",female,16.8,1,2,A/9015,22.52,,S
468,0,3,"Davis, Mr. Charles",male,16.3,1,0,A/1083,14.52,D74,S
469,0,3,"Johnson, Mr. Thomas",male,,0,1,A/4571,9.39,,S
470,0,1,"Jones, Mr. James",male,52.6,0,1,A/8598,247.52,D33,C
471,0,2,"Smith, Mr. William",male,37.6,0,1,A/5420,46.41,,S
472,1,1,"Anderson, Miss. Margaret",female,,2,0,A/1844,95.52,C69,S
473,0,2,"Taylor, Mr. William",male,10.6,0,0,A/9841,20.11,,Q
474,1,3,"Brown, Miss. Elizabeth",female,35.7,1,0,A/1892,8.14,,S
475,0,3,"Taylor, Mr. George",male,47.5,2,0,A/4085,23.05,,S
476,0,3,"Johnson, Mr. William",male,,0,1,A/3465,22.75,,S
477,1,2,"Taylor, Miss. Emma",female,51.9,0,0,A/4097,17.83,,S
478,0,3,"Davis, Mr. Frank",male,34.5,2,2,A/9986,15.01,,S
479,0,3,"Jones, Mr. Charles",male,54.1,0,0,A/6785,12.12,,S
480,0,1,"Williams, Mr. James",male,47.0,0,0,A/4897,96.89,C83,S
481,0,2,"Taylor, Mr. John",male,11.2,1,2,A/3663,39.01,A61,Q
482,1,3,"Miller, Miss. Emma",female,68.3,0,0,A/8764,23.13,,C
483,1,3,"Anderson, Miss. Alice",female,,1,0,A/3284,19.2,A61,S
484,0,1,"Miller, Mr. John",male,,1,0,A/5553,115.01,A78,C
485,1,3,"Taylor, Miss. Ida",female,42.8,0,0,A/7513,9.66,,S
486,0,2,"Miller, Mr. George",male,7.0,2,1,A/7809,51.17,,C
487,0,3,"Davis, Mr. James",male,10.9,0,1,A/9606,24.76,E58,S
488,1,2,"Davis, Miss. Emma",female,53.1,0,0,A/4047,52.45,,S
489,0,3,"Anderson, Mr. George",male,16.5,0,0,A/5303,12.4,,S
490,1,1,"Jones, Miss. Ida",female,45.5,0,0,A/5541,183.4,A86,C
491,0,3,"Jones, Mr. Thomas",male,26.8,2,2,A/1287,22.22,,S
492,1,2,"Williams, Miss. Margaret",female,29.9,0,0,A/5749,28.12,,S
493,0,1,"Johnson, Mr. James",male,58.1,2,0,A/5447,227.65,C22,S
494,0,2,"Williams, Mr. George",male,24.5,0,0,A/4569,21.95,,S
495,0,3,"Taylor, Mr. William",male,9.0,0,0,A/8856,13.27,,S
496,1,2,"Taylor, Miss. Margaret",female,52.4,0,0,A/3108,53.56,B49,S
497,1,1,"Johnson, Mr. William",male,30.8,0,0,A/1537,252.4,E85,S
498,0,1,"Johnson, Mr. George",male,55.0,1,0,A/4277,112.5,C13,S
499,1,3,"Anderson, Miss. Margaret",female,54.9,1,0,A/9272,17.26,E11,S
500,0,3,"Williams, Miss. Mary",female,,0,2,A/8777,13.6,,S
501,0,3,"Miller, Mr. Joseph",male,29.1,0,0,A/8633,8.99,C46,S
502,1,1,"Johnson, Mr. Joseph",male,22.5,1,0,A/7672,136.84,D34,C
503,1,3,"Miller, Miss. Emma",female,47.4,1,1,A/9563,18.85,B60,S
504,0,3,"Williams, Mr. William",male,,0,2,A/7623,9.21,,C
505,0,2,"Anderson, Miss. Minnie",female,66.1,0,1,A/7626,59.44,,S
506,0,3,"Wilson, Mr. Thomas",male,3.1,2,0,A/2117,15.97,B58,S
507,0,2,"Anderson, Mr. William",male,36.9,1,1,A/4308,28.21,,S
508,0,3,"Taylor, Miss. Mary",female,,1,0,A/7285,15.1,,S
509,0,1,"Jones, Mr. James",male,,2,1,A/8986,245.72,E96,S
510,0,3,"Wilson, Mr. Thomas",male,,0,1,A/5315,15.9,,S
511,1,2,"Miller, Miss. Mary",female,,0,0,A/1440,49.43,,S
512,1,2,"Davis, Miss. Margaret",female,17.2,0,2,A/2391,55.97,C24,S
513,0,1,"Wilson, Mr. Joseph",male,19.4,2,1,A/1364,296.73,D83,S
514,1,3,"Johnson, Miss. Elizabeth",female,53.8,0,0,A/5907,13.54,,S
515,1,3,"Taylor, Miss. Elizabeth",female,,1,1,A/4700,18.24,,C
516,0,3,"Jones, Mr. William",male,30.5,0,0,A/5945,16.08,,S
517,0,2,"Jones, Mr. Thomas",male,61.8,2,2,A/4056,40.96,,Q
518,0,3,"Taylor, Mr. Joseph",male,5.1,0,0,A/8577,9.66,,S
519,0,2,"Miller, Mr. William",male,19.4,0,0,A/5201,45.91,,S
520,0,1,"Jones, Mr. Thomas",male,30.1,0,0,A/3610,132.72,A43,C
521,0,2,"Smith, Mr. Thomas",male,,0,0,A/5882,54.02,,S
522,0,2,"Johnson, Miss. Ida",female,10.7,0,2,A/9196,56.98,,C
523,0,3,"Jones, Miss. Alice",female,9.4,0,0,A/7388,21.51,,Q
524,0,1,"Brown, Mr. George",male,41.7,1,2,A/7139,230.91,A50,S
525,0,3,"Jones, Mr. James",male,57.7,0,2,A/1570,22.15,,Q
526,1,3,"Brown, Miss. Minnie",female,67.1,0,0,A/9763,22.61,,S
527,1,3,"Jones, Mr. George",male,17.2,0,0,A/8190,18.36,,C
528,0,2,"Johnson, Mr. Thomas",male,59.0,2,1,A/2644,52.1,,S
529,0,2,"Taylor, Mr. Frank",male,,0,0,A/8264,50.6,D35,S
530,0,2,"Williams, Mr. Charles",male,58.3,0,2,A/7722,50.67,,S
531,0,3,"Anderson, Mr. Frank",male,,1,0,A/3980,14.08,,C
532,0,3,"Smith, Mr. Charles",male,14.7,2,0,A/1815,14.22,,S
533,1,1,"Anderson, Mr. William",male,54.4,1,1,A/2941,121.63,B34,Q
534,1,3,"Wilson, Mr. Joseph",male,42.4,0,0,A/7853,10.25,,S
535,0,3,"Wilson, Mr. Charles",male,32.6,0,1,A/3182,22.69,,S
536,1,1,"Davis, Mr. George",male,4.6,0,1,A/6804,299.25,E15,S
537,1,3,"Davis, Mr. Frank",male,3.8,0,0,A/3783,16.07,,C
538,1,1,"Taylor, Mr. Joseph",male,,0,0,A/9179,270.49,C56,Q
539,1,2,"Anderson, Miss. Minnie",female,12.4,2,1,A/3478,40.01,,S
540,0,2,"Smith, Mr. Charles",male,12.3,1,1,A/2900,59.78,,S
541,1,2,"Wilson, Miss. Alice",female,60.8,0,0,A/2533,24.17,,C
542,1,3,"Anderson, Miss. Elizabeth",female,37.3,1,0,A/7822,23.57,,S
543,0,1,"Jones, Mr. William",male,66.6,0,0,A/1473,88.64,D68,S
544,1,2,"Miller, Miss. Mary",female,23.4,2,2,A/3118,24.51,C51,C
545,1,3,"Anderson, Mr. Joseph",male,17.6,1,0,A/1336,22.34,,C
546,1,2,"Williams, Miss. Anna",female,51.8,0,2,A/3151,31.16,C75,S
547,1,2,"Jones, Mr. Joseph",male,26.4,0,1,A/7979,19.18,,Q
548,0,3,"Williams, Mr. Thomas",male,6.8,1,1,A/2297,23.33,,S
549,1,1,"Brown, Miss. Ida",female,,0,0,A/9411,94.76,D62,S
550,0,3,"Jones, Mr. Frank",male,,1,0,A/2866,20.33,,C
551,0,3,"Davis, Mr. George",male,53.3,1,2,A/5342,13.14,,C
552,0,1,"Anderson, Mr. George",male,,1,0,A/1095,160.83,A31,S
553,0,3,"Anderson, Mr. Thomas",male,43.6,2,1,A/5958,8.58,B24,C
554,0,3,"Smith, Mr. Charles",male,,0,1,A/9824,10.44,,S
555,0,3,"Williams, Mr. James",male,34.5,0,1,A/4975,10.62,,C
556,0,1,"Davis, Mr. Joseph",male,42.1,1,0,A/1606,182.12,D75,S
557,0,3,"Wilson, Miss. Elizabeth",female,30.1,0,2,A/2040,11.82,,C
558,0,1,"Miller, Mr. Thomas",male,,0,0,A/8688,149.08,B74,S
559,1,3,"Anderson, Mr. Thomas",male,50.1,1,0,A/8738,21.4,,S
560,1,2,"Wilson, Miss. Emma",female,,1,0,A/7815,57.44,,S
561,1,3,"Miller, Miss. Minnie",female,,1,0,A/2043,13.08,B25,S
562,0,3,"Miller, Miss. Mary",female,62.8,2,2,A/2706,19.72,,S
563,0,3,"Johnson, Miss. Anna",female,60.2,0,2,A/1687,16.13,,S
564,0,1,"Jones, Mr. Thomas",male,61.1,0,0,A/6482,258.41,A35,S
565,1,2,"Brown, Miss. Alice",female,6.9,0,1,A/6908,43.32,,C
566,1,3,"Williams, Miss. Ida",female,32.7,1,0,A/1487,14.97,,C
567,0,3,"Miller, Mr. Frank",male,31.0,1,0,A/3473,23.25,E47,S
568,0,3,"Jones, Miss. Margaret",female,,0,2,A/3406,19.61,,S
569,0,3,"Wilson, Miss. Margaret",female,28.9,0,0,A/2380,7.67,,C
570,0,3,"Taylor, Mr. George",male,22.5,0,0,A/1383,7.5,,S
571,0,2,"Davis, Miss. Anna",female,18.9,1,0,A/3028,17.15,,S
572,0,2,"Wilson, Miss. Margaret",female,69.2,1,2,A/4831,30.77,,C
573,1,3,"Davis, Miss. Elizabeth",female,14.3,0,1,A/2605,9.64,,S
574,1,1,"Williams, Mr. Thomas",male,,2,2,A/7598,205.3,E60,C
575,0,3,"Wilson, Mr. Thomas",male,12.2,1,0,A/8942,19.8,E77,S
576,0,1,"Williams, Mr. Frank",male,,1,0,A/2980,155.0,C15,S
577,1,1,"Miller, Mr. George",male,,0,0,A/7910,81.19,C46,S
578,1,3,"Johnson, Mr. Frank",male,,1,2,A/6074,17.18,,C
579,0,3,"Anderson, Miss. Emma",female,32.8,1,1,A/3440,22.59,,C
580,0,3,"Brown, Mr. Joseph",male,,2,1,A/5544,18.63,,C
581,1,3,"Jones, Miss. Anna",female,,1,2,A/1866,24.23,,C
582,0,3,"Taylor, Mr. James",male,15.2,2,2,A/8278,8.52,,S
583,0,3,"Smith, Mr. Frank",male,60.3,0,1,A/5213,8.64,,S
584,0,2,"Johnson, Mr. James",male,12.7,1,0,A/3973,16.22,D22,S
585,1,2,"Davis, Mr. William",male,42.2,0,1,A/9333,48.86,,S
586,0,1,"Davis, Mr. William",male,17.1,0,0,A/2663,126.65,E93,C
587,0,2,"Johnson, Mr. Charles",male,,1,0,A/5016,39.19,,Q
588,0,3,"Wilson, Mr. George",male,,0,1,A/5477,17.76,,S
589,1,2,"Anderson, Mr. George",male,39.9,0,0,A/7476,46.43,,C
590,0,3,"Brown, Miss. Margaret",female,44.8,2,1,A/5473,11.43,,S
591,0,3,"Smith, Mr. James",male,,1,0,A/1156,19.11,,C
592,0,3,"Taylor, Miss. Anna",female,6.3,0,1,A/3022,13.35,,C
593,0,2,"Smith, Mr. William",male,31.7,0,0,A/5606,45.62,,S
594,0,3,"Brown, Mr. Charles",male,3.5,1,2,A/4425,7.13,,S
595,1,1,"Taylor, Mr. Thomas",male,,2,2,A/3875,85.03,B18,S
596,1,3,"Taylor, Miss. Minnie",female,69.4,2,2,A/5143,19.25,,S
597,1,2,"Smith, Miss. Margaret",female,19.9,2,2,A/8644,37.3,,S
598,0,3,"Davis, Mr. Thomas",male,24.1,1,0,A/4696,24.61,,S
599,0,2,"Jones, Mr. William",male,,1,1,A/1393,41.66,,S
600,0,2,"Brown, Mr. Frank",male,36.9,0,0,A/8184,49.38,,S
601,1,1,"Smith, Mr. Joseph",male,5.5,0,0,A/8240,82.6,E90,S
602,0,1,"Smith, Mr. George",male,43.6,1,0,A/1173,174.28,D64,C
603,0,3,"Smith, Mr. Thomas",male,8.5,0,2,A/2106,17.67,,Q
604,0,1,"Miller, Mr. Joseph",male,13.8,0,0,A/1991,99.37,E65,S
605,1,3,"Anderson, Mr. James",male,24.7,0,0,A/9481,17.56,,S
606,1,3,"Smith, Miss. Ida",female,45.2,0,0,A/6595,10.41,,S
607,1,3,"Anderson, Miss. Margaret",female,12.2,1,0,A/9125,10.95,B98,S
608,0,3,"Miller, Mr. Joseph",male,,0,0,A/1162,8.33,A28,S
609,0,1,"Miller, Mr. John",male,,0,0,A/4587,273.64,B53,C
610,0,2,"Williams, Mr. George",male,,2,0,A/7208,44.47,,S
611,0,1,"Miller, Mr. Frank",male,68.4,1,1,A/2071,97.25,B34,S
612,0,2,"Anderson, Mr. Joseph",male,4.2,1,2,A/4098,53.45,,S
613,0,2,"Jones, Mr. James",male,62.1,0,0,A/8711,50.59,,S
614,1,2,"Taylor, Miss. Margaret",female,23.2,0,2,A/8918,47.2,,S
615,1,2,"Anderson, Miss. Mary",female,32.2,0,1,A/4581,28.77,,S
616,1,3,"Taylor, Mr. William",male,,1,2,A/6760,11.14,E89,S
617,0,3,"Miller, Mr. Thomas",male,13.4,0,0,A/2243,13.46,E75,S
618,1,1,"Brown, Mr. William",male,38.7,0,0,A/6394,127.51,C34,C
619,1,3,"Taylor, Miss. Minnie",female,57.7,1,1,A/1194,15.5,,C
620,0,1,"Brown, Mr. Charles",male,55.2,1,1,A/6581,252.14,C34,S
621,0,3,"Wilson, Mr. Thomas",male,,0,2,A/3102,12.5,,S
622,0,3,"Brown, Mr. Joseph",male,53.6,2,2,A/5909,12.87,A27,S
623,0,3,"Anderson, Mr. Joseph",male,28.0,1,1,A/4085,15.55,,Q
624,0,3,"Williams, Mr. William",male,,2,2,A/9005,7.48,,Q
625,0,2,"Jones, Mr. William",male,1.8,0,1,A/7407,22.07,E63,S
626,1,1,"Brown, Miss. Emma",female,57.4,2,1,A/3601,208.85,C85,S
627,0,3,"Brown, Mr. John",male,57.9,1,0,A/9615,12.92,,S
628,0,3,"Johnson, Mr. George",male,24.9,2,0,A/7407,18.03,,S
629,1,2,"Davis, Miss. Alice",female,49.2,0,1,A/1715,25.79,,S
630,0,3,"Johnson, Mr. Charles",male,53.6,0,0,A/2253,20.6,,C
631,0,2,"Brown, Mr. John",male,,2,1,A/7244,30.46,,S
632,0,1,"Williams, Mr. Frank",male,32.8,0,2,A/4969,234.12,D27,S
633,0,2,"Smith, Mr. William",male,,2,1,A/3759,18.49,,S
634,0,1,"Brown, Mr. John",male,31.5,0,2,A/2684,159.84,C66,S
635,1,1,"Brown, Miss. Elizabeth",female,7.3,1,0,A/1238,147.54,B97,S
636,1,1,"Williams, Miss. Emma",female,57.3,0,2,A/4105,213.67,E60,Q
637,1,1,"Miller, Mr. Frank",male,22.8,1,0,A/8516,120.62,C93,S
638,1,1,"Davis, Miss. Minnie",female,69.3,2,2,A/3809,127.95,A86,S
639,0,3,"Williams, Mr. Frank",male,48.4,2,1,A/2106,13.03,,S
640,0,2,"Brown, Mr. John",male,62.9,0,0,A/8020,49.08,,S
641,0,2,"Williams, Mr. Joseph",male,,2,2,A/8270,48.27,,S
642,1,3,"Taylor, Miss. Ida",female,2.6,2,0,A/6615,11.36,,Q
643,0,3,"Brown, Mr. Joseph",male,,2,0,A/2058,22.66,B16,S
644,0,1,"Johnson, Mr. James",male,65.3,0,2,A/2280,168.04,D49,S
645,1,1,"Anderson, Mr. Charles",male,67.8,0,0,A/8883,88.4,C60,S
646,0,3,"Anderson, Mr. Joseph",male,55.8,0,1,A/8002,22.37,,Q
647,0,3,"Williams, Mr. George",male,20.5,1,2,A/8878,8.29,D35,S
648,0,1,"Taylor, Mr. Frank",male,65.9,2,0,A/7292,182.6,E19,S
649,1,1,"Davis, Miss. Emma",female,18.6,2,0,A/9349,233.1,C99,S
650,0,2,"Brown, Mr. Charles",male,25.9,2,0,A/3422,26.76,,S
651,1,2,"Williams, Mr. John",male,,2,1,A/7515,46.77,,S
652,1,3,"Williams, Miss. Ida",female,67.8,2,1,A/6045,20.21,,Q
653,0,3,"Anderson, Mr. Frank",male,15.5,2,1,A/6047,7.12,,S
654,1,1,"Davis, Miss. Ida",female,12.8,0,0,A/3200,115.54,B74,Q
655,1,3,"Williams, Miss. Elizabeth",female,,0,0,A/7697,14.93,,S
656,1,3,"Johnson, Mr. Joseph",male,,0,2,A/4846,15.6,,S
657,1,1,"Smith, Miss. Mary",female,1.5,1,2,A/5355,284.39,D53,S
658,0,2,"Miller, Miss. Margaret",female,46.9,1,2,A/1937,58.89,,C
659,1,1,"Davis, Miss. Emma",female,,1,0,A/5072,154.74,E97,S
660,0,3,"Brown, Mr. John",male,57.1,0,0,A/1749,24.45,,S
661,1,1,"Anderson, Mr. William",male,66.0,1,0,A/7305,137.59,B28,C
662,1,3,"Taylor, Miss. Mary",female,21.8,2,2,A/8648,10.02,,S
663,0,3,"Brown, Mr. James",male,7.2,1,0,A/3625,23.72,,S
664,1,2,"Wilson, Miss. Anna",female,44.7,1,0,A/6452,54.24,,C
665,0,3,"Davis, Mr. Joseph",male,67.7,1,0,A/4662,11.66,,S
666,0,2,"Brown, Mr. William",male,,0,1,A/1027,28.99,,S
667,0,2,"Miller, Mr. James",male,16.3,1,0,A/9819,53.36,,C
668,0,2,"Wilson, Mr. James",male,,2,0,A/6245,28.9,,S
669,1,3,"Wilson, Miss. Elizabeth",female,27.0,0,0,A/4450,22.27,,S
670,0,3,"Williams, Miss. Alice",female,57.2,0,0,A/9977,14.06,,S
671,0,2,"Johnson, Mr. George",male,49.4,1,1,A/2594,20.89,,S
672,1,3,"Jones, Miss. Alice",female,31.5,1,0,A/3372,10.78,,S
673,0,3,"Anderson, Mr. William",male,11.2,1,0,A/1922,8.73,,S
674,0,1,"Miller, Miss. Ida",female,28.9,0,0,A/4946,161.23,C98,S
675,1,1,"Johnson, Miss. Alice",female,20.0,2,1,A/7018,72.67,A20,S
676,1,3,"Brown, Miss. Mary",female,34.1,2,0,A/3967,13.91,,C
677,0,2,"Miller, Mr. William",male,38.1,1,0,A/7451,40.02,,C
678,0,3,"Anderson, Mr. William",male,46.4,0,0,A/3948,7.1,,S
679,0,1,"Williams, Mr. William",male,3.4,0,2,A/5891,153.62,E31,S
680,0,3,"Jones, Mr. John",male,55.0,2,2,A/8289,9.52,,S
681,1,3,"Anderson, Miss. Elizabeth",female,4.1,0,0,A/3321,12.39,,Q
682,1,3,"Miller, Mr. George",male,6.1,0,0,A/7255,18.7,,S
683,1,3,"Williams, Miss. Elizabeth",female,69.7,2,0,A/7097,17.15,,S
684,1,1,"Miller, Miss. Ida",female,18.1,0,0,A/9707,95.3,E62,S
685,1,3,"Miller, Mr. George",male,19.9,0,1,A/4640,13.82,A32,S
686,0,3,"Wilson, Mr. William",male,60.7,1,0,A/2623,23.14,,Q
687,0,2,"Taylor, Mr. Joseph",male,,0,2,A/3547,44.59,E44,S
688,0,3,"Brown, Miss. Ida",female,,0,1,A/9228,12.16,,S
689,1,3,"Brown, Miss. Minnie",female,,0,1,A/6123,22.21,,S
690,1,2,"Anderson, Mr. John",male,65.1,0,1,A/9334,56.96,D75,S
691,1,3,"Johnson, Mr. Joseph",male,,2,0,A/7962,19.65,,S
692,1,3,"Taylor, Miss. Mary",female,47.5,1,0,A/3864,8.35,,S
693,0,3,"Davis, Mr. James",male,,2,0,A/9832,22.31,,S
694,0,3,"Smith, Mr. Joseph",male,65.4,2,2,A/1580,23.84,,C
695,1,1,"Wilson, Mr. Frank",male,,0,0,A/7587,151.54,A65,S
696,1,1,"Williams, Mr. Joseph",male,11.7,2,0,A/4704,178.26,C48,S
697,0,3,"Jones, Mr. William",male,31.3,0,0,A/8110,7.1,,C
698,0,1,"Williams, Mr. Joseph",male,3.2,2,0,A/8852,290.73,C25,S
699,0,3,"Williams, Miss. Margaret",female,28.6,2,1,A/3153,8.98,A26,S
700,1,3,"Brown, Miss. Mary",female,68.4,2,0,A/8116,15.64,,S
701,0,2,"Taylor, Mr. James",male,60.6,2,0,A/8031,23.93,,C
702,0,3,"Williams, Mr. Charles",male,44.8,0,0,A/3167,14.22,,S
703,0,1,"Brown, Mr. William",male,37.2,2,0,A/4633,147.32,D17,S
704,0,3,"Jones, Mr. Frank",male,29.8,0,0,A/3977,7.74,C37,S
705,0,2,"Davis, Mr. James",male,24.1,0,0,A/1223,45.73,,S
706,1,2,"Anderson, Miss. Margaret",female,41.3,0,0,A/3137,43.33,,S
707,0,3,"Brown, Miss. Elizabeth",female,6.2,1,2,A/6618,12.43,,C
708,0,3,"Williams, Mr. Charles",male,62.5,1,0,A/6996,15.07,,Q
709,1,1,"Taylor, Mr. John",male,67.8,0,0,A/1996,252.71,B60,S
710,0,3,"Johnson, Mr. James",male,39.8,1,1,A/5448,10.72,E37,S
711,1,1,"Taylor, Miss. Alice",female,18.9,0,0,A/5399,196.99,B38,S
712,0,1,"Williams, Mr. George",male,55.6,2,0,A/4440,192.96,A93,S
713,0,3,"Johnson, Mr. George",male,43.2,0,0,A/1170,21.83,,Q
714,1,1,"Taylor, Miss. Anna",female,66.3,0,2,A/4377,257.87,B51,S
715,1,3,"Davis, Miss. Emma",female,30.9,0,1,A/2535,15.93,,C
716,1,1,"Williams, Mr. George",male,,0,1,A/4077,85.97,A64,S
717,0,3,"Johnson, Miss. Emma",female,42.6,1,1,A/1339,8.98,A26,S
718,0,1,"Anderson, Mr. John",male,,0,2,A/6544,266.13,A35,S
719,1,3,"Williams, Miss. Minnie",female,,0,2,A/5382,18.29,A23,S
720,1,1,"Davis, Miss. Emma",female,16.6,1,0,A/6788,220.73,B97,S
721,1,3,"Johnson, Miss. Alice",female,,0,0,A/6854,8.37,,S
722,0,3,"Smith, Mr. James",male,42.4,2,1,A/3461,23.08,,S
723,1,2,"Jones, Miss. Alice",female,56.9,2,0,A/1035,53.78,,C
724,0,1,"Wilson, Mr. Thomas",male,,1,0,A/3370,90.8,B33,C
725,0,2,"Wilson, Mr. Joseph",male,10.5,2,0,A/7278,33.84,,S
726,1,3,"Davis, Miss. Anna",female,40.9,2,0,A/2429,11.23,A56,S
727,1,3,"Smith, Miss. Margaret",female,54.7,0,0,A/8543,9.59,,Q
728,0,3,"Brown, Mr. John",male,,2,0,A/7184,20.2,,S
729,0,1,"Anderson, Mr. William",male,11.9,0,0,A/3314,88.17,A11,S
730,0,3,"Williams, Mr. Thomas",male,49.2,0,1,A/7742,20.01,,S
731,0,1,"Smith, Mr. John",male,,0,0,A/7494,261.52,D80,C
732,0,2,"Jones, Mr. Charles",male,,0,2,A/7185,59.01,B61,S
733,0,1,"Taylor, Mr. William",male,22.6,2,1,A/7233,107.91,C92,S
734,1,2,"Miller, Mr. Frank",male,38.4,0,0,A/1179,49.04,,S
735,0,3,"Jones, Mr. William",male,39.9,1,0,A/1787,12.66,,S
736,0,2,"Davis, Mr. Charles",male,25.6,0,0,A/6428,33.33,,S
737,0,3,"Anderson, Mr. Joseph",male,3.6,0,0,A/8587,8.42,,Q
738,0,1,"Williams, Mr. James",male,69.5,1,2,A/6593,172.92,B53,S
739,1,3,"Smith, Miss. Ida",female,42.9,0,2,A/9151,8.75,C80,C
740,1,3,"Wilson, Miss. Anna",female,,0,0,A/2116,12.04,,S
741,0,1,"Jones, Miss. Alice",female,31.5,0,0,A/8999,79.11,C61,S
742,1,3,"Wilson, Miss. Margaret",female,22.6,0,1,A/9289,15.1,,Q
743,1,1,"Smith, Miss. Elizabeth",female,11.7,0,0,A/7157,106.39,D19,S
744,1,3,"Miller, Miss. Alice",female,57.5,0,0,A/3953,20.17,,Q
745,0,3,"Miller, Mr. William",male,34.6,2,1,A/2873,12.01,B70,S
746,1,1,"Anderson, Mr. Joseph",male,55.5,1,0,A/1886,118.64,A97,S
747,0,2,"Williams, Mr. William",male,,2,1,A/7876,38.62,,S
748,0,3,"Davis, Mr. Frank",male,14.7,1,1,A/8790,16.64,,Q
749,0,2,"Anderson, Miss. Ida",female,62.7,0,0,A/3369,29.57,,Q
750,1,3,"Miller, Miss. Mary",female,11.2,0,0,A/7658,11.73,,Q
751,1,3,"Wilson, Miss. Anna",female,13.9,2,2,A/3721,17.82,,S
752,1,1,"Smith, Miss. Margaret",female,,0,2,A/3043,230.84,D62,S
753,1,2,"Taylor, Mr. Frank",male,,1,0,A/3898,39.87,,S
754,0,2,"Davis, Miss. Minnie",female,63.5,0,0,A/2700,19.03,D23,S
755,1,3,"Johnson, Miss. Alice",female,47.1,1,0,A/4651,20.98,,S
756,1,3,"Miller, Miss. Alice",female,49.6,2,1,A/1124,23.91,,S
757,1,2,"Jones, Miss. Ida",female,,1,0,A/1254,16.18,,C
758,1,3,"Miller, Miss. Margaret",female,30.7,1,1,A/4156,18.09,,S
759,0,3,"Davis, Mr. James",male,11.9,0,0,A/3069,16.08,,C
760,0,3,"Jones, Mr. James",male,7.4,1,0,A/3507,7.5,,Q
761,0,1,"Williams, Mr. Thomas",male,13.9,2,0,A/5864,114.58,B58,C
762,0,3,"Williams, Mr. John",male,8.1,1,2,A/3010,8.93,,C
763,0,1,"Miller, Mr. Charles",male,2.5,0,1,A/2250,118.37,D58,C
764,0,3,"Williams, Mr. James",male,46.5,2,2,A/1515,9.11,,S
765,0,3,"Smith, Mr. James",male,9.4,1,0,A/9781,7.41,,S
766,0,3,"Brown, Mr. John",male,51.2,0,0,A/5483,15.67,,S
767,0,3,"Wilson, Mr. Joseph",male,14.3,0,0,A/5605,24.31,E49,S
768,1,1,"Davis, Miss. Alice",female,57.3,1,0,A/7275,168.74,E55,S
769,0,3,"Williams, Mr. John",male,29.3,1,2,A/6771,14.17,C64,C
770,1,2,"Miller, Mr. Frank",male,1.7,2,0,A/6388,24.62,,S
771,0,1,"Jones, Mr. Charles",male,,0,2,A/2225,202.01,D97,C
772,0,2,"Brown, Mr. John",male,69.3,1,0,A/3033,35.38,,S
773,0,1,"Smith, Mr. John",male,59.1,1,0,A/9740,281.15,A53,S
774,1,1,"Davis, Mr. George",male,28.6,1,0,A/9090,210.83,D48,S
775,0,3,"Johnson, Miss. Margaret",female,,0,0,A/1170,9.5,,C
776,0,3,"Johnson, Mr. Charles",male,57.3,1,0,A/1860,11.67,,S
777,0,3,"Miller, Mr. Joseph",male,,0,2,A/8548,9.16,,S
778,1,3,"Davis, Miss. Alice",female,17.6,1,1,A/5596,12.79,,S
779,0,2,"Johnson, Mr. Frank",male,46.5,2,0,A/2278,18.38,,S
780,0,3,"Davis, Mr. Charles",male,57.2,1,2,A/6134,20.69,,S
781,0,1,"Williams, Mr. Charles",male,32.2,1,2,A/4326,249.4,B18,S
782,1,1,"Anderson, Mr. William",male,52.4,0,0,A/8550,113.02,A70,S
783,0,3,"Taylor, Mr. William",male,28.4,1,2,A/6467,7.96,,S
784,1,3,"Davis, Miss. Elizabeth",female,42.0,1,2,A/9087,16.34,A92,S
785,1,1,"Smith, Mr. George",male,20.0,1,1,A/7421,160.36,B98,S
786,1,1,"Miller, Miss. Minnie",female,1.2,0,2,A/8811,239.99,B31,S
787,0,1,"Wilson, Mr. James",male,30.5,0,0,A/5322,272.69,B96,C
788,0,1,"Wilson, Mr. John",male,8.5,0,2,A/5762,262.13,E74,S
789,0,1,"Jones, Mr. Frank",male,69.3,0,1,A/5153,153.79,A55,S
790,1,2,"Anderson, Mr. Thomas",male,51.2,0,0,A/7722,53.53,,S
791,0,3,"Davis, Mr. Frank",male,,1,0,A/5487,22.79,,C
792,1,2,"Taylor, Miss. Emma",female,62.3,1,2,A/7836,57.54,,S
793,1,3,"Anderson, Miss. Anna",female,67.8,0,0,A/2805,24.45,,S
794,0,3,"Jones, Mr. James",male,56.2,0,1,A/1670,10.91,,S
795,1,3,"Miller, Mr. John",male,,0,2,A/3540,24.17,,S
796,0,3,"Johnson, Mr. George",male,25.5,2,1,A/7923,14.18,,C
797,0,3,"Williams, Mr. Joseph",male,40.9,2,0,A/5096,9.44,,S
798,0,1,"Wilson, Mr. James",male,31.1,0,2,A/8240,229.65,E97,C
799,0,3,"Davis, Mr. Joseph",male,2.8,1,0,A/3303,18.07,,S
800,1,3,"Taylor, Mr. George",male,9.7,2,0,A/8582,21.53,,S
801,0,1,"Johnson, Mr. Frank",male,40.0,2,0,A/1997,97.93,E96,S
802,1,3,"Taylor, Miss. Emma",female,10.4,2,0,A/5929,18.31,,Q
803,1,3,"Brown, Mr. William",male,,0,2,A/2587,11.45,A74,S
804,0,1,"Davis, Mr. Thomas",male,59.1,1,0,A/8194,267.64,E25,S
805,0,3,"Brown, Mr. James",male,14.8,1,0,A/5742,19.02,,S
806,0,3,"Johnson, Mr. Thomas",male,2.9,1,0,A/7380,7.2,,S
807,0,3,"Smith, Mr. Frank",male,50.9,0,0,A/3593,13.44,,S
808,1,2,"Davis, Miss. Anna",female,,2,2,A/6558,35.68,,S
809,0,3,"Davis, Miss. Anna",female,27.0,1,2,A/3955,17.37,,C
810,0,3,"Miller, Mr. Frank",male,5.7,0,0,A/4796,8.74,D51,C
811,0,3,"Brown, Miss. Anna",female,,1,1,A/2054,8.11,,S
812,0,3,"Miller, Mr. John",male,49.2,1,0,A/4272,10.52,,S
813,1,1,"Davis, Miss. Elizabeth",female,,2,0,A/4334,77.65,B10,S
814,0,2,"Johnson, Mr. Frank",male,63.9,2,2,A/9129,23.56,,C
815,0,3,"Taylor, Mr. James",male,44.2,0,2,A/2280,9.29,,S
816,1,3,"Taylor, Mr. Frank",male,21.0,0,1,A/6863,8.22,,Q
817,0,1,"Taylor, Mr. George",male,,2,0,A/8716,285.49,C93,S
818,1,2,"Miller, Mr. John",male,51.6,2,0,A/4860,37.21,,S
819,0,3,"Smith, Miss. Margaret",female,42.3,1,0,A/8844,24.04,,S
820,0,1,"Miller, Mr. Joseph",male,61.5,0,0,A/1906,76.06,B78,S
821,1,2,"Smith, Miss. Alice",female,49.0,1,1,A/3257,20.2,E57,S
822,1,2,"Brown, Miss. Elizabeth",female,,1,2,A/1750,59.59,B17,S
823,1,1,"Smith, Mr. Frank",male,17.9,0,0,A/7517,180.1,A94,S
824,0,2,"Wilson, Mr. Frank",male,31.6,0,0,A/5795,54.1,,C
825,0,2,"Johnson, Mr. John",male,66.6,1,0,A/2285,24.16,E39,S
826,0,3,"Williams, Mr. John",male,45.8,1,0,A/1348,15.98,C85,S
827,0,3,"Jones, Mr. Joseph",male,27.5,0,0,A/4370,13.83,,S
828,0,3,"Miller, Mr. John",male,24.2,0,2,A/4547,20.63,,C
829,0,2,"Smith, Mr. William",male,65.3,0,2,A/8594,34.07,,C
830,1,2,"Wilson, Miss. Elizabeth",female,,2,0,A/2401,59.95,,S
831,0,3,"Jones, Mr. Frank",male,46.1,1,0,A/3036,12.52,,C
832,1,3,"Smith, Mr. Thomas",male,,0,1,A/4569,14.35,,S
833,0,3,"Johnson, Mr. Thomas",male,20.1,1,0,A/4726,18.35,E93,S
834,0,1,"Taylor, Mr. Thomas",male,,2,0,A/1996,288.89,C42,S
835,1,3,"Taylor, Miss. Mary",female,6.3,1,0,A/9372,8.39,,S
836,0,3,"Johnson, Miss. Ida",female,,0,2,A/6902,13.03,,S
837,1,3,"Anderson, Miss. Mary",female,,0,2,A/1418,8.91,,S
838,0,3,"Anderson, Miss. Margaret",female,41.2,2,0,A/7243,20.73,,Q
839,1,3,"Anderson, Miss. Ida",female,,1,0,A/8738,18.87,,S
840,1,1,"Brown, Mr. Frank",male,26.0,1,0,A/2890,229.41,D62,S
841,0,2,"Miller, Mr. Thomas",male,29.9,1,0,A/9808,26.02,,S
842,0,3,"Jones, Mr. Frank",male,,1,2,A/3431,17.37,,C
843,1,3,"Smith, Miss. Emma",female,39.3,1,0,A/3070,22.65,,S
844,0,1,"Taylor, Mr. Joseph",male,28.8,1,0,A/5806,97.38,C85,S
845,1,1,"Johnson, Miss. Margaret",female,44.5,2,1,A/5739,244.26,B33,C
846,1,3,"Taylor, Miss. Anna",female,,1,0,A/8430,13.83,,S
847,1,3,"Johnson, Miss. Elizabeth",female,39.9,1,2,A/9326,22.19,,S
848,0,2,"Williams, Mr. John",male,69.3,0,1,A/9505,27.52,,S
849,0,2,"Jones, Mr. George",male,12.7,0,2,A/2738,56.6,,S
850,1,1,"Williams, Miss. Mary",female,,1,2,A/4197,71.53,A57,S
851,0,3,"Wilson, Mr. James",male,8.6,2,0,A/8281,23.0,,S
852,0,1,"Johnson, Mr. Frank",male,16.3,0,0,A/3567,186.62,C68,S
853,1,3,"Miller, Miss. Mary",female,55.8,0,0,A/1583,24.09,,S
854,1,3,"Brown, Miss. Elizabeth",female,,0,1,A/5630,9.37,,S
855,1,3,"Brown, Miss. Mary",female,43.2,2,0,A/1635,14.53,,S
856,0,3,"Wilson, Mr. James",male,61.4,2,1,A/9031,21.34,,S
857,0,3,"Johnson, Mr. George",male,18.1,1,0,A/3886,15.37,,S
858,1,3,"Wilson, Miss. Alice",female,3.0,0,2,A/4524,23.02,,S
859,0,3,"Miller, Mr. Joseph",male,28.5,0,0,A/8954,20.11,,C
860,0,2,"Anderson, Mr. James",male,8.6,1,2,A/6401,20.81,,Q
861,0,1,"Miller, Mr. Frank",male,46.2,1,0,A/6932,193.16,B78,S
862,0,3,"Williams, Mr. Frank",male,51.6,0,0,A/1328,20.59,,S
863,1,3,"Jones, Mr. George",male,48.5,0,0,A/3025,21.63,,S
864,1,3,"Johnson, Miss. Anna",female,53.6,1,0,A/1241,20.37,,Q
865,0,1,"Davis, Mr. Charles",male,55.1,1,2,A/1383,139.5,D35,S
866,0,3,"Davis, Mr. George",male,29.0,0,1,A/5659,23.34,,S
867,0,1,"Davis, Mr. Frank",male,32.2,1,0,A/7510,247.38,D57,S
868,1,1,"Williams, Mr. William",male,,1,2,A/5095,89.29,D88,C
869,0,3,"Brown, Miss. Mary",female,22.5,0,0,A/1598,12.79,,S
870,1,1,"Taylor, Miss. Alice",female,46.0,0,1,A/8913,188.32,A23,S
871,0,1,"Smith, Mr. James",male,,0,1,A/2862,78.98,D73,S
872,0,3,"Taylor, Mr. Joseph",male,31.0,0,0,A/9560,12.8,,S
873,0,1,"Brown, Mr. Frank",male,32.9,0,0,A/3690,190.61,D11,S
874,0,1,"Smith, Mr. George",male,,0,2,A/8513,146.14,A89,S
875,1,1,"Taylor, Mr. Charles",male,,0,0,A/5656,258.77,D84,C
876,1,2,"Jones, Miss. Elizabeth",female,,2,0,A/5587,23.02,,S
877,0,3,"Davis, Mr. Frank",male,42.7,2,2,A/8756,10.77,B37,S
878,0,3,"Williams, Mr. Thomas",male,62.8,0,0,A/9383,21.53,,S
879,1,2,"Brown, Miss. Ida",female,33.7,0,2,A/6193,38.88,,C
880,0,3,"Jones, Miss. Emma",female,34.8,0,0,A/8133,18.74,,C
881,1,3,"Miller, Miss. Ida",female,69.9,0,1,A/7130,10.22,,S
882,0,2,"Smith, Mr. George",male,64.2,1,0,A/5473,16.51,,S
883,1,1,"Jones, Miss. Minnie",female,57.8,2,1,A/8446,182.77,D92,C
884,0,3,"Smith, Mr. James",male,,0,0,A/7874,22.01,D91,C
885,1,2,"Jones, Miss. Elizabeth",female,24.0,2,0,A/3772,55.76,,Q
886,0,3,"Davis, Miss. Ida",female,5.5,1,0,A/5368,8.51,,S
887,1,1,"Williams, Mr. John",male,9.1,1,2,A/2410,200.22,D21,S
888,1,1,"Williams, Miss. Margaret",female,53.9,0,0,A/7136,175.88,B49,C
889,1,3,"Brown, Miss. Emma",female,20.8,0,0,A/6169,14.45,,S
890,1,1,"Jones, Miss. Alice",female,40.9,0,2,A/8367,260.79,B14,Q
891,0,3,"Anderson, Mr. Charles",male,45.6,2,0,A/4398,13.16,,S
