PassengerId,Survived,Pclass,Name,Sex,Age,SibSp,Parch,Ticket,Fare,Cabin,Embarked,Has_Cabin,FamilySize
1,0,3,"Jones, Mr. Charles",male,47.7,1,0,A/7912,7.57,B74,S,1,2
2,1,3,"Taylor, Miss. Ida",female,56.9,0,0,A/7924,13.12,,Q,0,1
3,0,2,"Johnson, Mr. Frank",male,56.7,2,1,A/9785,20.62,,S,0,4
4,0,2,"Miller, Mr. Charles",male,34.2,0,0,A/2307,53.49,,S,0,1
5,1,3,"Williams, Miss. Margaret",female,49.4,2,0,A/3803,16.61,,S,0,3
6,1,2,"Taylor, Miss. Elizabeth",female,54.5,0,0,A/6168,33.05,E50,S,1,1
7,1,3,"Wilson, Miss. Emma",female,39.7,0,2,A/8019,23.16,,S,0,3
8,0,3,"Johnson, Mr. John",male,35.0,0,1,A/2040,13.93,,S,0,2
9,0,2,"Smith, Mr. William",male,19.4,2,0,A/2827,28.21,,S,0,3
10,1,3,"Taylor, Miss. Emma",female,37.1,2,0,A/9317,17.96,,C,0,3
11,1,3,"Taylor, Miss. Mary",female,8.7,0,0,A/4923,8.04,,Q,0,1
12,1,1,"Johnson, Mr. James",male,38.9,0,2,A/7932,291.8,E98,S,1,3
13,0,2,"Miller, Miss. Alice",female,18.1,0,0,A/1344,41.47,,S,0,1
14,0,1,"Brown, Mr. William",male,5.9,0,0,A/8953,119.27,B83,S,1,1
15,1,2,"Davis, Mr. Charles",male,25.4,1,1,A/1887,45.3,,S,0,3
16,0,2,"Johnson, Mr. Charles",male,10.7,0,0,A/8579,26.24,,S,0,1
17,0,3,"Smith, Mr. John",male,59.6,0,1,A/8956,15.66,,Q,0,2
18,0,1,"Davis, Mr. George",male,20.7,2,2,A/8973,105.6,C37,Q,1,5
19,1,3,"Miller, Mr. John",male,64.4,1,0,A/1931,24.29,B18,S,1,2
20,0,3,"Johnson, Mr. Charles",male,35.0,0,1,A/9565,12.69,,S,0,2
21,0,2,"Williams, Mr. George",male,65.6,0,1,A/2638,18.3,,S,0,2
22,1,3,"Brown, Miss. Margaret",female,38.5,0,2,A/9666,7.14,,S,0,3
23,1,3,"Williams, Miss. Minnie",female,37.1,1,0,A/5462,12.07,,S,0,2
24,1,3,"Taylor, Miss. Alice",female,4.5,2,1,A/5533,7.79,,S,0,4
25,0,3,"Wilson, Mr. Joseph",male,35.0,2,0,A/9938,7.65,,S,0,3
26,0,2,"Miller, Mr. John",male,18.2,0,0,A/7658,58.82,,Q,0,1
27,1,1,"Williams, Mr. Joseph",male,23.9,1,0,A/5371,106.62,A58,C,1,2
28,0,3,"Wilson, Mr. Frank",male,16.7,0,0,A/7528,12.91,,Q,0,1
29,0,2,"Davis, Mr. Frank",male,34.2,0,0,A/5349,16.72,,S,0,1
30,0,3,"Taylor, Mr. William",male,18.6,2,1,A/1027,16.36,,S,0,4
31,1,3,"Brown, Miss. Margaret",female,64.5,1,0,A/3041,19.96,,S,0,2
32,0,2,"Jones, Mr. James",male,27.2,2,0,A/5930,33.27,,S,0,3
33,1,1,"Anderson, Miss. Margaret",female,15.7,1,0,A/2389,135.27,E52,S,1,2
34,0,3,"Jones, Mr. Charles",male,35.0,0,0,A/8784,18.0,,S,0,1
35,0,3,"Davis, Mr. Thomas",male,35.0,2,0,A/2746,21.01,,C,0,3
36,0,3,"Taylor, Mr. Charles",male,35.0,0,1,A/9702,24.78,,Q,0,2
37,0,3,"Taylor, Mr. Joseph",male,62.9,2,1,A/8373,11.67,,S,0,4
38,0,3,"Brown, Mr. George",male,17.2,0,0,A/9849,8.45,,S,0,1
39,1,1,"Davis, Mr. Joseph",male,5.3,1,1,A/1320,267.05,E58,S,1,3
40,0,3,"Davis, Mr. Joseph",male,56.2,0,1,A/4595,11.91,,S,0,2
41,0,3,"Williams, Miss. Alice",female,37.9,1,2,A/1444,8.51,,C,0,4
42,0,1,"Miller, Mr. Charles",male,61.7,0,1,A/5133,262.03,D12,C,1,2
43,1,1,"Brown, Miss. Anna",female,53.0,0,0,A/1333,212.91,B26,S,1,1
44,1,1,"Wilson, Miss. Minnie",female,34.7,1,0,A/3683,291.89,A84,S,1,2
45,0,2,"Davis, Miss. Ida",female,43.45,1,0,A/2669,46.37,,S,0,2
46,1,3,"Anderson, Miss. Mary",female,26.6,1,0,A/1207,22.29,,S,0,2
47,0,3,"Wilson, Mr. James",male,67.6,0,2,A/9817,20.94,,C,0,3
48,0,3,"Brown, Mr. William",male,52.8,1,2,A/7209,13.06,,S,0,4
49,0,3,"Jones, Mr. Frank",male,61.7,1,0,A/9464,24.07,D72,S,1,2
50,0,2,"Wilson, Mr. Thomas",male,34.2,0,1,A/4986,28.78,,S,0,2
51,0,3,"Taylor, Mr. Frank",male,22.2,0,0,A/4155,12.68,,Q,0,1
52,0,3,"Wilson, Mr. George",male,37.2,0,0,A/4180,12.33,,S,0,1
53,0,3,"Smith, Mr. John",male,9.7,1,0,A/1200,17.33,,S,0,2
54,0,1,"Wilson, Mr. William",male,6.1,2,0,A/3485,104.32,E48,S,1,3
55,0,2,"Davis, Mr. Charles",male,63.7,0,2,A/8025,28.74,,S,0,3
56,1,3,"Brown, Miss. Elizabeth",female,37.1,0,0,A/2229,9.82,,S,0,1
57,0,3,"Jones, Mr. George",male,48.4,0,2,A/4241,14.65,,S,0,3
58,1,3,"Johnson, Miss. Mary",female,52.7,1,0,A/8195,9.24,,S,0,2
59,1,3,"Wilson, Mr. Thomas",male,35.0,1,0,A/5102,7.47,,S,0,2
60,0,3,"Smith, Mr. George",male,13.1,1,1,A/5557,10.27,,S,0,3
61,0,3,"Miller, Mr. Joseph",male,60.2,0,1,A/9117,12.19,,C,0,2
62,0,3,"Miller, Mr. George",male,28.9,1,0,A/9889,15.32,E56,S,1,2
63,0,3,"Smith, Mr. Charles",male,35.0,0,1,A/8941,9.19,,S,0,2
64,0,1,"Taylor, Mr. John",male,30.9,0,1,A/2924,218.97,B73,Q,1,2
65,0,2,"Davis, Miss. Alice",female,39.0,1,0,A/9327,48.58,A45,C,1,2
66,0,3,"Taylor, Mr. George",male,21.6,1,2,A/9022,22.57,,S,0,4
67,0,2,"Davis, Miss. Alice",female,68.7,0,2,A/7274,25.51,,S,0,3
68,0,3,"Davis, Miss. Ida",female,46.0,0,1,A/1606,9.27,,S,0,2
69,1,1,"Johnson, Miss. Alice",female,34.7,2,0,A/2225,177.98,C53,S,1,3
70,0,2,"Miller, Mr. Joseph",male,62.2,1,2,A/1588,42.79,,S,0,4
71,0,2,"Johnson, Mr. Joseph",male,49.6,0,1,A/3725,46.23,,S,0,2
72,1,3,"Miller, Mr. Joseph",male,40.0,0,0,A/3868,8.42,,S,0,1
73,1,2,"Williams, Miss. Elizabeth",female,18.6,0,1,A/5712,45.49,,S,0,2
74,0,2,"Davis, Mr. George",male,70.0,1,0,A/4886,32.16,,S,0,2
75,1,3,"Davis, Mr. George",male,54.7,0,2,A/9138,21.99,,C,0,3
76,1,1,"Brown, Miss. Elizabeth",female,50.7,2,0,A/2591,277.78,A49,C,1,3
77,0,1,"Williams, Mr. William",male,29.7,0,0,A/9837,271.59,C77,S,1,1
78,0,2,"Wilson, Mr. George",male,8.9,0,0,A/4696,53.71,,Q,0,1
79,0,3,"Miller, Miss. Anna",female,37.1,1,0,A/8451,13.63,,S,0,2
80,0,2,"Miller, Mr. William",male,43.7,1,0,A/4626,44.14,,S,0,2
81,1,3,"Johnson, Mr. James",male,35.0,1,0,A/2592,11.23,,S,0,2
82,1,2,"Taylor, Miss. Ida",female,62.1,2,0,A/9017,42.7,,S,0,3
83,0,3,"Wilson, Mr. Charles",male,35.0,2,0,A/9920,23.23,,S,0,3
84,1,2,"Wilson, Miss. Anna",female,42.2,0,0,A/6464,25.96,E36,S,1,1
85,0,3,"Brown, Mr. Charles",male,35.0,1,0,A/5542,22.45,B79,S,1,2
86,1,1,"Smith, Miss. Emma",female,17.4,0,0,A/3854,131.03,B63,S,1,1
87,0,3,"Miller, Mr. William",male,43.4,2,2,A/5941,15.24,,S,0,5
88,0,3,"Johnson, Mr. Thomas",male,63.0,0,2,A/3430,8.18,,S,0,3
89,0,3,"Anderson, Mr. George",male,7.8,2,0,A/4522,14.74,,S,0,3
90,0,3,"Johnson, Mr. Frank",male,26.8,0,1,A/2099,8.64,D22,C,1,2
91,0,2,"Smith, Mr. Frank",male,61.3,1,0,A/5712,42.02,,S,0,2
92,1,1,"Brown, Miss. Anna",female,8.9,0,2,A/4705,255.66,E89,S,1,3
93,0,3,"Jones, Mr. John",male,22.3,0,0,A/1100,10.27,D18,S,1,1
94,0,3,"Taylor, Mr. Charles",male,11.9,0,0,A/2391,22.9,,C,0,1
95,0,1,"Wilson, Mr. Joseph",male,19.8,1,0,A/6655,168.88,C96,S,1,2
96,1,3,"Smith, Miss. Elizabeth",female,1.5,0,0,A/3248,20.75,,S,0,1
97,0,3,"Williams, Mr. Joseph",male,39.6,2,0,A/2180,14.15,,S,0,3
98,0,3,"Miller, Mr. Joseph",male,29.8,0,1,A/1341,24.39,,Q,0,2
99,1,3,"Miller, Miss. Anna",female,37.1,1,2,A/7560,16.43,,S,0,4
100,0,2,"Williams, Mr. William",male,34.2,1,0,A/6724,30.8,,S,0,2
101,1,1,"Jones, Mr. Charles",male,30.9,2,0,A/3902,288.8,D69,C,1,3
102,0,3,"Anderson, Mr. Frank",male,11.4,0,1,A/8245,18.36,,S,0,2
103,1,2,"Wilson, Mr. Thomas",male,20.8,2,0,A/9307,32.3,,Q,0,3
104,0,3,"Anderson, Mr. Charles",male,11.4,0,1,A/2695,21.6,,Q,0,2
105,0,1,"Smith, Mr. Charles",male,37.2,1,0,A/6962,155.76,C59,S,1,2
106,0,2,"Miller, Mr. William",male,27.7,0,2,A/3463,30.0,,S,0,3
107,1,2,"Davis, Miss. Emma",female,22.4,1,0,A/3093,45.16,,C,0,2
108,1,3,"Davis, Mr. Frank",male,66.6,0,1,A/4145,11.08,A47,C,1,2
109,1,1,"Taylor, Miss. Mary",female,43.6,1,1,A/3527,107.32,E31,C,1,3
110,0,1,"Brown, Mr. Thomas",male,55.1,0,2,A/4918,141.18,D34,S,1,3
111,0,3,"Wilson, Miss. Minnie",female,29.9,0,0,A/3267,22.71,D57,S,1,1
112,1,1,"Johnson, Miss. Minnie",female,34.7,1,2,A/3414,261.14,A38,C,1,4
113,1,3,"Davis, Miss. Mary",female,27.6,0,0,A/4678,7.51,,C,0,1
114,1,3,"Williams, Miss. Mary",female,49.0,0,1,A/8349,18.08,,S,0,2
115,1,1,"Anderson, Mr. Joseph",male,21.8,0,0,A/7878,216.96,E68,S,1,1
116,0,3,"Taylor, Mr. John",male,50.6,0,1,A/1025,18.07,,S,0,2
117,0,3,"Miller, Mr. William",male,55.3,1,2,A/1333,14.03,,S,0,4
118,0,3,"Smith, Mr. Frank",male,51.6,2,0,A/6447,9.4,,S,0,3
119,1,3,"Wilson, Miss. Alice",female,5.4,1,0,A/5807,10.63,,C,0,2
120,0,2,"Davis, Mr. Thomas",male,14.2,0,0,A/6438,27.29,,S,0,1
121,0,2,"Davis, Mr. Frank",male,35.3,1,0,A/2353,47.72,E33,S,1,2
122,0,2,"Jones, Mr. George",male,12.5,1,0,A/8325,16.91,,S,0,2
123,0,3,"Smith, Mr. William",male,36.4,2,0,A/1510,9.57,,C,0,3
124,0,1,"Miller, Mr. Frank",male,42.8,2,1,A/7077,155.56,A83,S,1,4
125,0,2,"Jones, Mr. Charles",male,34.2,0,1,A/9482,32.41,,S,0,2
126,0,2,"Anderson, Mr. George",male,14.8,0,0,A/8406,22.77,,Q,0,1
127,0,3,"Miller, Miss. Margaret",female,21.0,0,0,A/3852,21.29,,S,0,1
128,0,1,"Wilson, Mr. John",male,33.3,1,0,A/2412,85.12,D71,S,1,2
129,0,3,"Johnson, Miss. Emma",female,32.0,2,2,A/6644,9.31,,S,0,5
130,1,3,"Williams, Miss. Ida",female,58.4,1,0,A/5982,9.96,,C,0,2
131,1,2,"Jones, Miss. Anna",female,39.0,0,0,A/9740,19.2,,S,0,1
132,0,3,"Anderson, Mr. Frank",male,57.9,0,0,A/1744,24.07,,S,0,1
133,0,1,"Anderson, Mr. John",male,21.0,0,1,A/5012,255.08,D48,S,1,2
134,0,3,"Davis, Mr. Thomas",male,10.9,2,0,A/6658,24.56,C75,S,1,3
135,0,2,"Jones, Mr. Thomas",male,34.2,0,1,A/7850,26.17,,S,0,2
136,0,2,"Miller, Mr. Charles",male,36.5,1,0,A/9148,16.04,,S,0,2
137,1,3,"Miller, Mr. John",male,61.9,2,1,A/5681,16.66,,S,0,4
138,1,3,"Davis, Miss. Margaret",female,37.1,1,0,A/6939,16.96,E67,C,1,2
139,1,2,"Anderson, Miss. Anna",female,43.45,0,0,A/6990,48.97,,S,0,1
140,0,3,"Williams, Mr. Frank",male,11.3,1,0,A/6373,23.76,,S,0,2
141,1,3,"Anderson, Miss. Margaret",female,34.8,1,0,A/8780,21.68,,S,0,2
142,0,3,"Smith, Mr. Thomas",male,68.1,1,2,A/4728,19.99,,S,0,4
143,0,3,"Davis, Mr. James",male,40.5,2,0,A/4125,7.34,,S,0,3
144,0,3,"Anderson, Mr. Thomas",male,5.3,0,2,A/4397,17.1,,S,0,3
145,1,2,"Wilson, Miss. Margaret",female,60.9,2,0,A/8932,23.65,,S,0,3
146,1,1,"Jones, Miss. Minnie",female,34.7,1,0,A/5480,136.19,E96,S,1,2
147,0,3,"Miller, Mr. James",male,50.3,0,1,A/5201,20.45,,C,0,2
148,1,2,"Jones, Mr. James",male,17.5,0,2,A/4697,43.71,D52,C,1,3
149,1,1,"Smith, Miss. Emma",female,61.6,1,0,A/5706,143.87,A21,S,1,2
150,1,1,"Smith, Miss. Emma",female,65.4,0,1,A/9116,112.85,C14,S,1,2
151,0,3,"Miller, Mr. George",male,37.2,0,2,A/8668,11.91,,S,0,3
152,0,3,"Williams, Mr. John",male,40.2,0,0,A/7643,21.89,,S,0,1
153,0,3,"Williams, Mr. Thomas",male,19.0,0,1,A/5374,24.17,,C,0,2
154,1,1,"Brown, Miss. Mary",female,12.0,2,2,A/6095,228.77,C57,S,1,5
155,0,1,"Williams, Mr. Thomas",male,29.7,1,1,A/9806,254.46,B41,S,1,3
156,1,3,"Taylor, Miss. Alice",female,64.3,0,0,A/9972,23.25,,S,0,1
157,1,1,"Wilson, Miss. Anna",female,34.7,1,1,A/1911,174.29,E63,S,1,3
158,0,1,"Jones, Mr. John",male,52.5,1,0,A/1742,167.45,A79,Q,1,2
159,0,3,"Wilson, Mr. John",male,35.0,0,1,A/7135,24.87,,C,0,2
160,0,3,"Taylor, Mr. James",male,13.3,1,1,A/9664,9.29,,C,0,3
161,1,3,"Wilson, Miss. Ida",female,18.1,0,0,A/5516,10.39,,C,0,1
162,1,1,"Anderson, Miss. Mary",female,34.7,1,0,A/8314,207.49,A41,C,1,2
163,1,2,"Brown, Mr. John",male,17.2,2,2,A/6224,40.99,,C,0,5
164,1,1,"Taylor, Miss. Elizabeth",female,39.4,1,0,A/7999,197.85,A54,Q,1,2
165,1,3,"Miller, Miss. Ida",female,13.7,1,1,A/4948,22.29,,C,0,3
166,0,3,"Taylor, Miss. Ida",female,10.3,0,0,A/4331,12.94,D57,S,1,1
167,0,3,"Jones, Mr. Joseph",male,61.3,0,2,A/4555,15.63,,S,0,3
168,0,3,"Brown, Mr. William",male,64.1,2,2,A/4350,14.14,,S,0,5
169,0,2,"Miller, Mr. George",male,35.3,0,1,A/6246,56.14,,S,0,2
170,0,3,"Williams, Mr. John",male,41.0,1,0,A/3497,10.53,,S,0,2
171,0,2,"Miller, Mr. George",male,50.9,2,1,A/8550,22.57,,S,0,4
172,0,3,"Taylor, Mr. John",male,6.1,2,0,A/1104,14.42,,S,0,3
173,0,3,"Taylor, Mr. Thomas",male,47.0,1,1,A/8993,7.28,,S,0,3
174,1,1,"Taylor, Miss. Minnie",female,47.5,0,0,A/2578,190.61,B34,S,1,1
175,0,2,"Davis, Mr. William",male,40.0,2,0,A/5914,45.78,,S,0,3
176,1,3,"Johnson, Miss. Ida",female,4.9,0,0,A/2354,16.0,,C,0,1
177,1,3,"Johnson, Miss. Mary",female,48.8,1,1,A/5441,7.84,C79,S,1,3
178,0,1,"Miller, Miss. Mary",female,52.9,2,1,A/2260,138.83,E40,S,1,4
179,1,3,"Taylor, Miss. Margaret",female,55.5,2,0,A/9204,20.42,,S,0,3
180,0,1,"Anderson, Mr. Joseph",male,44.8,1,1,A/4737,151.84,D65,S,1,3
181,0,3,"Anderson, Mr. George",male,6.7,0,1,A/3527,20.31,,S,0,2
182,1,1,"Miller, Mr. George",male,30.9,1,1,A/9395,163.85,A21,S,1,3
183,1,1,"Miller, Mr. Joseph",male,54.8,2,2,A/4977,201.55,B97,S,1,5
184,1,1,"Wilson, Mr. James",male,30.1,1,0,A/6916,127.89,B90,S,1,2
185,1,3,"Williams, Mr. George",male,59.1,1,0,A/8212,13.03,,C,0,2
186,0,3,"Miller, Mr. Charles",male,35.0,1,0,A/5775,20.23,,Q,0,2
187,0,3,"Jones, Mr. Joseph",male,14.8,1,0,A/1440,24.15,,C,0,2
188,0,2,"Johnson, Mr. Joseph",male,34.2,0,0,A/5139,44.64,,C,0,1
189,1,1,"Wilson, Miss. Ida",female,61.0,1,2,A/1602,251.87,C99,C,1,4
190,0,3,"Johnson, Mr. William",male,25.5,2,2,A/1725,17.14,,S,0,5
191,1,3,"Davis, Mr. William",male,36.2,1,2,A/4621,15.02,,C,0,4
192,0,3,"Miller, Mr. John",male,64.5,0,0,A/3321,13.27,,C,0,1
193,0,3,"Johnson, Mr. Thomas",male,5.6,0,0,A/1370,22.29,,S,0,1
194,1,1,"Brown, Miss. Emma",female,30.4,1,0,A/7636,214.84,B91,S,1,2
195,1,2,"Brown, Miss. Alice",female,49.6,0,0,A/2025,40.98,,S,0,1
196,0,2,"Johnson, Mr. George",male,67.6,0,2,A/7367,42.51,,S,0,3
197,0,3,"Jones, Mr. William",male,17.5,0,0,A/7116,19.48,,S,0,1
198,0,1,"Williams, Mr. Thomas",male,45.5,0,2,A/3733,182.62,B33,S,1,3
199,0,3,"Miller, Mr. John",male,35.0,1,2,A/9281,18.76,,S,0,4
200,0,3,"Williams, Mr. William",male,16.2,0,0,A/4683,16.68,,S,0,1
201,1,3,"Taylor, Miss. Anna",female,38.5,0,2,A/1681,20.68,,S,0,3
202,0,2,"Brown, Miss. Minnie",female,43.45,0,0,A/2425,34.76,,C,0,1
203,1,1,"Anderson, Miss. Margaret",female,30.5,1,0,A/4385,257.11,A82,S,1,2
204,0,2,"Miller, Mr. George",male,60.2,2,0,A/3221,58.32,,Q,0,3
205,1,3,"Williams, Miss. Emma",female,58.2,2,1,A/9019,9.56,,S,0,4
206,0,2,"Johnson, Mr. Joseph",male,65.6,0,1,A/8996,29.73,A68,S,1,2
207,1,3,"Taylor, Miss. Ida",female,15.6,0,0,A/5646,13.08,,S,0,1
208,1,3,"Smith, Mr. John",male,32.7,0,0,A/8230,15.22,,S,0,1
209,0,3,"Jones, Miss. Emma",female,7.4,0,0,A/2350,13.69,,S,0,1
210,0,2,"Brown, Mr. Joseph",male,1.1,1,0,A/3174,41.72,,S,0,2
211,0,1,"Johnson, Mr. Joseph",male,16.8,0,0,A/2690,142.07,C27,S,1,1
212,1,3,"Williams, Miss. Anna",female,37.1,2,0,A/8210,13.32,,C,0,3
213,1,3,"Wilson, Mr. Charles",male,35.0,0,2,A/7291,13.33,,C,0,3
214,0,2,"Brown, Mr. George",male,59.5,2,0,A/4366,38.3,,C,0,3
215,0,2,"Brown, Mr. Thomas",male,45.0,0,2,A/1197,59.41,,S,0,3
216,0,3,"Miller, Mr. James",male,54.2,0,2,A/2106,7.25,,Q,0,3
217,0,3,"Jones, Mr. Joseph",male,45.2,1,2,A/3501,11.99,,S,0,4
218,1,1,"Taylor, Miss. Margaret",female,58.6,2,0,A/6081,230.7,B17,S,1,3
219,0,3,"Anderson, Mr. John",male,52.1,0,0,A/3248,19.63,,Q,0,1
220,1,3,"Jones, Miss. Emma",female,61.3,2,0,A/1480,13.03,,S,0,3
221,1,2,"Johnson, Miss. Alice",female,35.5,1,0,A/7024,22.08,,C,0,2
222,1,3,"Taylor, Mr. John",male,17.9,1,0,A/7274,23.56,,Q,0,2
223,1,1,"Davis, Miss. Elizabeth",female,50.7,0,0,A/7108,97.46,A32,S,1,1
224,0,3,"Davis, Mr. William",male,54.4,0,0,A/2415,16.96,B47,S,1,1
225,0,2,"Wilson, Mr. Frank",male,54.3,0,2,A/5016,21.78,,S,0,3
226,1,3,"Smith, Mr. Frank",male,59.6,2,0,A/2703,10.69,,S,0,3
227,1,3,"Williams, Miss. Minnie",female,62.9,1,1,A/7102,15.25,,S,0,3
228,0,3,"Davis, Mr. William",male,35.0,2,0,A/4879,12.25,,Q,0,3
229,1,2,"Miller, Miss. Margaret",female,66.1,0,2,A/2785,21.99,,S,0,3
230,0,2,"Brown, Mr. Thomas",male,9.3,0,0,A/1660,24.68,,S,0,1
231,1,3,"Davis, Miss. Mary",female,69.4,0,1,A/8408,17.01,,S,0,2
232,1,1,"Johnson, Miss. Mary",female,16.3,0,1,A/7098,227.85,A84,S,1,2
233,0,3,"Johnson, Mr. Charles",male,9.9,0,0,A/1699,23.96,E65,C,1,1
234,0,2,"Davis, Mr. James",male,20.0,1,0,A/1567,42.63,,S,0,2
235,1,3,"Wilson, Miss. Mary",female,29.9,2,2,A/5082,18.35,,C,0,5
236,1,3,"Miller, Miss. Alice",female,64.0,1,0,A/7363,11.87,E38,S,1,2
237,0,3,"Wilson, Mr. Frank",male,68.2,0,0,A/4951,11.8,,Q,0,1
238,1,1,"Brown, Miss. Ida",female,59.3,0,0,A/6210,255.43,C85,S,1,1
239,1,3,"Anderson, Miss. Emma",female,37.1,1,2,A/6063,10.16,A39,S,1,4
240,0,1,"Miller, Mr. Charles",male,13.2,0,0,A/1359,103.97,B24,C,1,1
241,1,3,"Miller, Miss. Ida",female,23.3,0,1,A/8982,18.69,,Q,0,2
242,1,3,"Miller, Miss. Elizabeth",female,27.1,2,0,A/3086,10.2,E60,C,1,3
243,0,3,"Williams, Mr. Frank",male,16.2,1,0,A/9129,9.53,,S,0,2
244,0,3,"Johnson, Mr. Frank",male,18.2,0,0,A/5205,21.17,,S,0,1
245,0,2,"Williams, Mr. Joseph",male,38.7,0,1,A/4695,22.32,A47,S,1,2
246,0,2,"Miller, Mr. James",male,34.2,0,2,A/2525,30.21,,C,0,3
247,0,3,"Williams, Mr. Joseph",male,35.0,0,0,A/7705,19.55,,C,0,1
248,1,2,"Brown, Mr. William",male,58.9,0,0,A/6911,15.17,E71,S,1,1
249,0,1,"Jones, Mr. William",male,30.9,1,1,A/9013,275.82,C21,S,1,3
250,0,2,"Davis, Mr. Frank",male,34.2,1,1,A/5315,25.18,,S,0,3
251,0,3,"Johnson, Miss. Margaret",female,53.2,0,2,A/1999,22.13,,S,0,3
252,1,3,"Wilson, Miss. Elizabeth",female,37.1,2,0,A/9226,17.28,,S,0,3
253,0,3,"Wilson, Mr. James",male,35.0,0,0,A/3067,7.77,D35,Q,1,1
254,0,3,"Jones, Miss. Margaret",female,5.6,1,2,A/7510,16.94,,S,0,4
255,1,3,"Anderson, Mr. Joseph",male,35.0,1,2,A/2641,23.65,,S,0,4
256,0,2,"Miller, Mr. Joseph",male,40.5,1,0,A/3821,27.39,E97,S,1,2
257,1,1,"Miller, Miss. Elizabeth",female,19.5,0,0,A/6535,258.0,C49,S,1,1
258,1,3,"Johnson, Miss. Elizabeth",female,31.6,0,0,A/7828,17.89,D37,Q,1,1
259,0,2,"Taylor, Mr. Frank",male,12.0,0,2,A/7609,21.1,,C,0,3
260,1,1,"Brown, Mr. John",male,64.3,2,0,A/5488,154.72,D74,S,1,3
261,1,3,"Brown, Miss. Margaret",female,67.3,1,2,A/6730,13.2,,S,0,4
262,1,3,"Smith, Mr. Joseph",male,54.8,0,0,A/4688,19.2,,S,0,1
263,1,1,"Smith, Miss. Alice",female,42.5,0,0,A/5135,209.92,C92,S,1,1
264,1,3,"Wilson, Miss. Minnie",female,36.9,1,1,A/2676,7.13,,Q,0,3
265,0,3,"Anderson, Mr. George",male,35.0,0,0,A/5529,18.53,,S,0,1
266,1,3,"Jones, Miss. Elizabeth",female,63.1,1,1,A/6236,19.25,,S,0,3
267,0,3,"Davis, Mr. Joseph",male,35.0,2,2,A/4111,13.18,,S,0,5
268,0,3,"Miller, Mr. George",male,61.5,0,0,A/2599,15.47,,C,0,1
269,1,3,"Miller, Miss. Anna",female,61.1,1,0,A/7089,11.69,,C,0,2
270,1,3,"Anderson, Miss. Anna",female,37.1,0,1,A/9680,12.37,B27,Q,1,2
271,1,2,"Wilson, Miss. Emma",female,54.7,1,0,A/3897,29.1,D45,S,1,2
272,0,3,"Williams, Mr. Thomas",male,9.9,1,1,A/7609,14.72,,S,0,3
273,0,3,"Smith, Miss. Margaret",female,2.2,0,0,A/4707,19.48,,S,0,1
274,0,2,"Williams, Mr. William",male,21.1,2,2,A/9587,30.2,,Q,0,5
275,1,2,"Miller, Miss. Elizabeth",female,57.0,0,0,A/4675,47.72,A85,S,1,1
276,1,1,"Smith, Miss. Ida",female,37.9,0,2,A/1785,222.25,A16,S,1,3
277,0,2,"Taylor, Mr. George",male,34.2,2,0,A/5933,33.94,E44,S,1,3
278,0,3,"Johnson, Mr. William",male,35.3,1,0,A/5308,21.97,,S,0,2
279,0,2,"Taylor, Mr. Thomas",male,34.2,0,0,A/1208,45.22,,C,0,1
280,0,3,"Johnson, Mr. William",male,35.0,0,0,A/8483,24.8,,S,0,1
281,0,1,"Smith, Mr. George",male,30.4,0,0,A/1751,72.22,B94,S,1,1
282,0,2,"Anderson, Miss. Minnie",female,43.45,0,0,A/2865,33.03,,S,0,1
283,1,2,"Davis, Miss. Emma",female,5.0,0,0,A/7816,56.01,,S,0,1
284,0,2,"Miller, Mr. John",male,51.2,0,1,A/8997,20.08,,S,0,2
285,0,2,"Taylor, Mr. Charles",male,24.3,1,2,A/2560,34.48,,S,0,4
286,1,3,"Williams, Mr. John",male,35.9,1,1,A/3709,8.35,,S,0,3
287,0,3,"Brown, Mr. Joseph",male,32.7,1,1,A/2442,22.42,,S,0,3
288,1,3,"Johnson, Miss. Ida",female,1.0,0,2,A/5990,23.02,,S,0,3
289,0,3,"Smith, Mr. Charles",male,54.0,1,1,A/6952,19.89,B10,S,1,3
290,0,3,"Jones, Miss. Margaret",female,37.1,0,1,A/3301,21.79,,S,0,2
291,0,2,"Johnson, Mr. Joseph",male,14.1,0,0,A/7790,17.09,,S,0,1
292,0,1,"Wilson, Miss. Emma",female,34.7,2,0,A/8091,262.93,D75,C,1,3
293,1,3,"Williams, Miss. Emma",female,42.8,0,2,A/7302,14.54,,S,0,3
294,0,2,"Miller, Mr. George",male,34.2,1,2,A/9393,28.45,,C,0,4
295,1,3,"Brown, Miss. Elizabeth",female,48.4,2,0,A/3913,16.07,,S,0,3
296,0,1,"Wilson, Mr. Joseph",male,37.8,1,0,A/9564,94.49,D28,S,1,2
297,0,1,"Williams, Mr. George",male,30.9,0,0,A/4342,243.33,A55,C,1,1
298,1,1,"Taylor, Miss. Elizabeth",female,17.4,2,0,A/1769,283.09,D63,Q,1,3
299,1,3,"Taylor, Mr. John",male,43.8,1,0,A/7025,20.59,,S,0,2
300,1,3,"Jones, Miss. Alice",female,13.9,0,2,A/2955,13.79,,S,0,3
301,1,1,"Jones, Mr. John",male,11.7,0,0,A/1833,247.94,E94,S,1,1
302,0,3,"Johnson, Mr. Frank",male,36.9,1,0,A/7814,16.78,,S,0,2
303,1,3,"Miller, Miss. Margaret",female,43.7,1,2,A/1144,9.06,,S,0,4
304,1,3,"Brown, Miss. Mary",female,64.2,0,1,A/5203,16.72,,Q,0,2
305,0,3,"Taylor, Mr. Thomas",male,46.0,0,2,A/2349,24.07,,Q,0,3
306,0,3,"Johnson, Mr. Charles",male,60.7,1,0,A/4368,16.68,,Q,0,2
307,1,3,"Johnson, Mr. James",male,3.6,0,0,A/3916,21.3,,S,0,1
308,0,1,"Davis, Mr. Thomas",male,2.2,2,0,A/9762,71.36,E18,C,1,3
309,0,3,"Johnson, Miss. Margaret",female,37.1,2,0,A/2417,12.07,,S,0,3
310,1,3,"Williams, Mr. Charles",male,56.0,1,0,A/3360,12.37,,Q,0,2
311,1,3,"Smith, Mr. James",male,35.0,1,1,A/9800,16.86,B54,S,1,3
312,1,3,"Williams, Miss. Emma",female,18.4,0,0,A/1891,22.32,,Q,0,1
313,0,3,"Jones, Mr. William",male,35.0,1,1,A/6420,13.43,,S,0,3
314,0,2,"Brown, Mr. Frank",male,46.5,2,2,A/3496,40.45,,S,0,5
315,0,2,"Brown, Mr. Charles",male,20.1,0,0,A/6432,54.5,,S,0,1
316,0,2,"Williams, Mr. William",male,10.7,1,0,A/5312,48.01,,C,0,2
317,0,3,"Smith, Miss. Ida",female,3.5,0,2,A/9842,15.5,,S,0,3
318,1,1,"Jones, Miss. Emma",female,28.4,1,0,A/4913,265.04,E97,S,1,2
319,0,3,"Williams, Mr. James",male,25.8,0,1,A/4796,8.13,,S,0,2
320,1,1,"Miller, Miss. Ida",female,4.2,2,0,A/2691,231.86,E91,C,1,3
321,0,3,"Taylor, Mr. James",male,41.5,0,2,A/5121,13.77,,S,0,3
322,0,2,"Wilson, Miss. Alice",female,43.45,0,1,A/3713,25.35,,S,0,2
323,0,1,"Anderson, Mr. William",male,23.8,0,1,A/8844,180.17,E30,S,1,2
324,1,2,"Williams, Mr. James",male,62.5,0,0,A/3725,26.62,,Q,0,1
325,0,3,"Smith, Mr. George",male,42.9,1,1,A/3794,10.95,,S,0,3
326,1,3,"Anderson, Miss. Minnie",female,64.6,1,2,A/2127,11.14,,S,0,4
327,1,1,"Taylor, Miss. Ida",female,13.2,1,2,A/1639,271.88,E74,C,1,4
328,1,1,"Anderson, Miss. Mary",female,45.8,1,1,A/7068,271.21,E64,S,1,3
329,1,3,"Davis, Miss. Margaret",female,53.5,2,2,A/2600,14.66,,C,0,5
330,0,3,"Anderson, Mr. Joseph",male,35.0,2,0,A/9561,9.12,B98,C,1,3
331,0,2,"Davis, Mr. George",male,40.0,1,0,A/7511,48.97,,C,0,2
332,0,3,"Taylor, Mr. Thomas",male,24.8,2,1,A/3262,22.39,,C,0,4
333,1,2,"Williams, Miss. Anna",female,24.4,1,2,A/1852,22.23,,S,0,4
334,1,1,"Anderson, Mr. Joseph",male,26.6,1,0,A/7296,284.06,D88,S,1,2
335,1,2,"Smith, Miss. Emma",female,14.9,2,2,A/5685,23.76,,S,0,5
336,0,3,"Smith, Mr. Frank",male,35.0,0,0,A/5520,21.03,,S,0,1
337,0,3,"Johnson, Mr. William",male,39.6,1,0,A/6693,24.34,,S,0,2
338,1,1,"Anderson, Miss. Mary",female,8.3,0,2,A/5821,148.19,A75,Q,1,3
339,1,3,"Anderson, Miss. Minnie",female,39.9,0,0,A/8517,19.27,,C,0,1
340,0,3,"Davis, Mr. Charles",male,22.8,0,2,A/9776,7.18,,S,0,3
341,1,1,"Miller, Miss. Anna",female,34.7,0,0,A/4580,275.69,C33,Q,1,1
342,1,3,"Wilson, Miss. Elizabeth",female,19.3,0,0,A/5091,22.05,,C,0,1
343,0,1,"Wilson, Mr. John",male,3.9,1,0,A/6167,183.24,E45,S,1,2
344,1,3,"Jones, Miss. Ida",female,4.7,1,1,A/9859,7.59,,C,0,3
345,0,3,"Johnson, Mr. Thomas",male,35.0,2,0,A/7216,17.46,,S,0,3
346,0,2,"Brown, Mr. George",male,26.2,1,1,A/4449,33.86,,S,0,3
347,0,2,"Anderson, Mr. James",male,57.2,2,0,A/4863,39.99,,S,0,3
348,1,3,"Wilson, Miss. Mary",female,69.7,2,2,A/9748,19.97,,S,0,5
349,0,3,"Davis, Mr. William",male,35.0,0,1,A/2577,15.1,,S,0,2
350,1,3,"Jones, Miss. Margaret",female,37.1,2,2,A/4259,17.38,,S,0,5
351,0,3,"Miller, Mr. Thomas",male,6.4,1,0,A/8598,18.37,B91,C,1,2
352,0,2,"Anderson, Mr. Joseph",male,34.2,0,0,A/4739,29.11,,C,0,1
353,0,3,"Wilson, Mr. Frank",male,32.1,0,0,A/1378,9.25,,S,0,1
354,1,3,"Brown, Miss. Emma",female,37.1,1,2,A/1881,7.47,,C,0,4
355,0,1,"Williams, Mr. William",male,22.3,0,0,A/8260,214.09,B77,C,1,1
356,1,1,"Miller, Miss. Alice",female,65.5,1,1,A/3213,292.99,E32,S,1,3
357,1,3,"Anderson, Miss. Ida",female,22.4,0,1,A/9841,11.09,C56,S,1,2
358,1,1,"Taylor, Mr. James",male,1.6,1,1,A/5908,72.1,D47,S,1,3
359,0,3,"Brown, Mr. Joseph",male,18.2,2,1,A/7199,10.97,B76,C,1,4
360,1,3,"Jones, Miss. Minnie",female,19.5,0,0,A/3988,9.46,D89,S,1,1
361,0,3,"Miller, Mr. John",male,2.5,0,0,A/5410,9.25,,S,0,1
362,0,1,"Brown, Mr. Frank",male,35.4,0,1,A/1519,145.96,B17,S,1,2
363,0,2,"Williams, Mr. Charles",male,27.3,0,0,A/5078,32.32,,S,0,1
364,0,3,"Johnson, Mr. Charles",male,22.5,0,0,A/1691,20.41,,S,0,1
365,0,3,"Miller, Mr. John",male,8.8,2,1,A/6316,7.27,,S,0,4
366,0,2,"Smith, Mr. Thomas",male,34.2,0,0,A/3583,37.5,,S,0,1
367,1,3,"Smith, Miss. Mary",female,37.1,1,0,A/3061,15.78,,S,0,2
368,1,3,"Wilson, Mr. Charles",male,51.0,0,0,A/8951,19.72,,S,0,1
369,0,3,"Taylor, Mr. Frank",male,60.9,1,2,A/3627,8.24,,S,0,4
370,0,2,"Smith, Mr. Joseph",male,43.8,0,2,A/4912,29.43,E59,S,1,3
371,1,3,"Williams, Miss. Minnie",female,8.6,1,0,A/1717,22.03,A35,S,1,2
372,0,1,"Davis, Mr. Thomas",male,18.7,0,0,A/2161,73.01,B93,S,1,1
373,0,3,"Smith, Mr. Frank",male,29.7,0,0,A/5355,16.52,,C,0,1
374,1,1,"Taylor, Mr. William",male,27.6,0,2,A/5075,201.11,B81,C,1,3
375,0,2,"Anderson, Mr. Frank",male,30.5,0,0,A/3955,39.75,,S,0,1
376,0,3,"Miller, Mr. Frank",male,59.3,1,1,A/6299,17.95,,S,0,3
377,0,3,"Jones, Miss. Margaret",female,28.4,2,0,A/5660,17.72,,Q,0,3
378,0,2,"Brown, Mr. Charles",male,34.2,2,0,A/9376,40.03,,S,0,3
379,0,1,"Williams, Mr. George",male,17.1,0,0,A/7550,200.88,B19,C,1,1
380,0,3,"Anderson, Mr. William",male,51.4,1,1,A/2285,21.04,,S,0,3
381,0,3,"Johnson, Mr. Charles",male,65.1,2,1,A/1886,12.49,E82,S,1,4
382,0,3,"Smith, Mr. Joseph",male,40.7,0,0,A/8076,12.22,,S,0,1
383,1,1,"Smith, Mr. Joseph",male,31.0,2,0,A/3209,180.61,B72,S,1,3
384,0,3,"Taylor, Mr. Charles",male,30.7,2,2,A/2467,9.03,,S,0,5
385,1,1,"Smith, Mr. George",male,57.7,1,2,A/3389,171.31,B35,S,1,4
386,1,1,"Johnson, Miss. Anna",female,43.8,0,0,A/1225,148.95,A49,S,1,1
387,1,1,"Taylor, Mr. Charles",male,18.8,1,2,A/3315,229.87,A58,S,1,4
388,0,3,"Williams, Mr. John",male,43.6,0,1,A/1136,8.2,,S,0,2
389,0,3,"Johnson, Mr. John",male,27.7,1,2,A/2631,23.27,,S,0,4
390,1,1,"Wilson, Mr. John",male,22.0,1,1,A/3572,74.23,C55,S,1,3
391,1,1,"Taylor, Miss. Minnie",female,61.6,0,2,A/5590,121.88,C60,S,1,3
392,0,1,"Anderson, Mr. Charles",male,30.4,0,2,A/6395,173.31,B36,S,1,3
393,1,3,"Brown, Miss. Emma",female,37.1,0,1,A/3378,18.81,,S,0,2
394,1,1,"Johnson, Mr. James",male,51.2,0,1,A/7737,139.77,C29,C,1,2
395,0,1,"Anderson, Mr. George",male,42.1,0,0,A/6886,88.28,D27,S,1,1
396,0,3,"Miller, Miss. Emma",female,10.5,0,0,A/1528,14.35,,Q,0,1
397,1,3,"Brown, Mr. Charles",male,69.0,1,1,A/6323,22.6,,S,0,3
398,0,3,"Davis, Mr. Frank",male,40.5,1,2,A/1630,16.37,,C,0,4
399,0,1,"Taylor, Miss. Ida",female,34.7,1,2,A/1807,113.67,D60,C,1,4
400,0,3,"Williams, Mr. Joseph",male,48.6,0,1,A/8400,8.63,,S,0,2
401,1,3,"Taylor, Miss. Emma",female,2.7,1,2,A/4308,22.89,C98,S,1,4
402,1,3,"Johnson, Mr. William",male,26.0,1,1,A/9383,18.02,,S,0,3
403,1,1,"Miller, Mr. James",male,30.9,2,0,A/7874,140.85,D46,S,1,3
404,0,1,"Brown, Mr. John",male,32.6,1,2,A/1094,209.84,D40,S,1,4
405,0,3,"Wilson, Mr. William",male,35.0,1,0,A/4401,7.88,C14,S,1,2
406,1,1,"Anderson, Mr. George",male,30.9,0,1,A/3920,107.11,C88,S,1,2
407,0,3,"Taylor, Mr. James",male,25.9,0,0,A/5903,12.81,,C,0,1
408,1,3,"Johnson, Miss. Minnie",female,37.1,0,0,A/9635,14.45,,S,0,1
409,0,1,"Taylor, Mr. William",male,65.4,2,0,A/7996,210.03,C43,S,1,3
410,0,3,"Williams, Mr. Thomas",male,35.0,0,2,A/4812,19.75,,S,0,3
411,0,1,"Johnson, Mr. Charles",male,29.6,0,0,A/4478,72.6,B98,S,1,1
412,0,3,"Taylor, Mr. Frank",male,35.0,0,0,A/7488,20.04,,S,0,1
413,0,1,"Miller, Mr. Thomas",male,45.6,1,0,A/8546,275.17,E52,S,1,2
414,1,3,"Smith, Miss. Minnie",female,39.3,0,0,A/6434,21.39,,S,0,1
415,0,3,"Smith, Mr. Frank",male,59.1,1,2,A/7382,10.37,C50,C,1,4
416,0,2,"Brown, Mr. Frank",male,15.9,0,0,A/2838,31.84,B21,S,1,1
417,1,1,"Taylor, Mr. James",male,51.5,1,0,A/6363,102.96,A76,S,1,2
418,1,1,"Wilson, Miss. Ida",female,1.3,0,2,A/2426,146.66,A23,S,1,3
419,0,3,"Anderson, Mr. George",male,14.8,0,0,A/9720,12.74,,S,0,1
420,1,1,"Smith, Mr. William",male,23.0,0,0,A/5011,109.39,C88,C,1,1
421,0,3,"Smith, Mr. Thomas",male,35.0,1,0,A/2410,14.68,,S,0,2
422,1,3,"Wilson, Miss. Margaret",female,50.2,2,2,A/2286,24.53,,S,0,5
423,1,1,"Wilson, Miss. Anna",female,50.0,1,1,A/4796,287.91,B88,S,1,3
424,0,2,"Miller, Mr. Frank",male,34.2,1,0,A/6758,36.54,,S,0,2
425,0,2,"Taylor, Mr. William",male,8.4,1,0,A/5949,38.97,,S,0,2
426,1,3,"Wilson, Mr. Joseph",male,48.9,1,1,A/6606,16.8,,S,0,3
427,1,1,"Anderson, Miss. Alice",female,23.5,0,1,A/3886,140.85,D18,S,1,2
428,0,3,"Davis, Mr. Frank",male,7.2,0,2,A/1003,20.63,,S,0,3
429,0,2,"Wilson, Mr. Charles",male,21.7,2,0,A/8122,47.3,,Q,0,3
430,0,3,"Taylor, Mr. Joseph",male,5.3,1,0,A/1013,19.66,,S,0,2
431,0,3,"Brown, Miss. Ida",female,23.0,1,1,A/7251,14.83,,S,0,3
432,1,1,"Miller, Mr. Joseph",male,47.2,0,0,A/2175,219.13,B72,S,1,1
433,0,3,"Williams, Mr. Joseph",male,49.0,1,2,A/3945,15.18,,C,0,4
434,0,2,"Davis, Mr. John",male,17.3,1,0,A/7731,56.7,,S,0,2
435,0,1,"Miller, Mr. William",male,6.5,2,2,A/5578,176.94,A76,C,1,5
436,0,1,"Johnson, Mr. George",male,37.9,0,1,A/8438,187.91,D83,C,1,2
437,1,2,"Jones, Miss. Minnie",female,42.2,0,2,A/5267,17.76,,S,0,3
438,1,1,"Anderson, Miss. Mary",female,34.7,1,0,A/5552,127.97,E45,S,1,2
439,0,2,"Anderson, Miss. Emma",female,46.5,0,0,A/5280,50.21,,S,0,1
440,0,3,"Johnson, Mr. James",male,58.8,1,1,A/4898,18.89,,S,0,3
441,0,3,"Smith, Miss. Minnie",female,37.1,0,1,A/7533,15.57,,Q,0,2
442,0,3,"Davis, Mr. Thomas",male,31.0,0,1,A/7258,19.21,,S,0,2
443,1,1,"Miller, Miss. Ida",female,19.8,0,0,A/2610,128.73,E60,S,1,1
444,0,3,"Anderson, Mr. Charles",male,69.5,0,2,A/1173,19.11,,S,0,3
445,1,1,"Wilson, Mr. Frank",male,14.3,0,2,A/2506,83.08,E94,C,1,3
446,1,1,"Johnson, Mr. William",male,26.9,2,2,A/4027,276.08,B42,S,1,5
447,0,3,"Wilson, Mr. George",male,47.1,0,0,A/3653,21.05,,S,0,1
448,1,2,"Jones, Miss. Minnie",female,43.45,0,2,A/7432,23.03,,S,0,3
449,0,3,"Johnson, Mr. Thomas",male,35.0,0,0,A/5105,20.99,D29,S,1,1
450,1,1,"Davis, Mr. George",male,28.0,0,2,A/9039,179.97,D18,S,1,3
451,1,1,"Wilson, Miss. Anna",female,25.8,2,0,A/7563,82.69,A56,S,1,3
452,0,3,"Wilson, Mr. George",male,35.0,0,1,A/4129,12.38,,S,0,2
453,1,3,"Wilson, Mr. Charles",male,35.0,2,2,A/4907,15.81,E92,S,1,5
454,1,3,"Wilson, Miss. Mary",female,37.1,2,0,A/7643,9.13,,S,0,3
455,0,3,"Taylor, Miss. Emma",female,6.0,2,0,A/9010,18.77,,Q,0,3
456,1,1,"Williams, Miss. Mary",female,34.7,0,0,A/8474,210.58,E18,C,1,1
457,1,1,"Anderson, Mr. Charles",male,24.3,2,1,A/6312,97.78,E79,S,1,4
458,1,3,"Smith, Miss. Emma",female,37.1,0,1,A/3753,19.53,,S,0,2
459,0,3,"Johnson, Mr. Joseph",male,35.0,1,0,A/1104,7.13,,C,0,2
460,0,3,"Wilson, Mr. James",male,37.1,1,0,A/3859,17.99,B73,S,1,2
461,1,1,"Jones, Miss. Margaret",female,14.2,1,0,A/6929,268.43,E74,S,1,2
462,1,3,"Jones, Miss. Mary",female,48.3,1,1,A/3888,9.88,,S,0,3
463,0,2,"Jones, Mr. Frank",male,32.3,0,0,A/9804,22.91,,S,0,1
464,1,1,"Wilson, Miss. Margaret",female,63.0,0,0,A/6343,122.39,B62,C,1,1
465,1,2,"Wilson, Mr. Thomas",male,15.9,1,1,A/3917,32.43,B90,S,1,3
466,0,2,"Smith, Mr. John",male,34.2,1,1,A/7852,22.7,,C,0,3
467,1,3,"Anderson, Miss. Emma",female,16.8,1,2,A/9015,22.52,,S,0,4
468,0,3,"Davis, Mr. Charles",male,16.3,1,0,A/1083,14.52,D74,S,1,2
469,0,3,"Johnson, Mr. Thomas",male,35.0,0,1,A/4571,9.39,,S,0,2
470,0,1,"Jones, Mr. James",male,52.6,0,1,A/8598,247.52,D33,C,1,2
471,0,2,"Smith, Mr. William",male,37.6,0,1,A/5420,46.41,,S,0,2
472,1,1,"Anderson, Miss. Margaret",female,34.7,2,0,A/1844,95.52,C69,S,1,3
473,0,2,"Taylor, Mr. William",male,10.6,0,0,A/9841,20.11,,Q,0,1
474,1,3,"Brown, Miss. Elizabeth",female,35.7,1,0,A/1892,8.14,,S,0,2
475,0,3,"Taylor, Mr. George",male,47.5,2,0,A/4085,23.05,,S,0,3
476,0,3,"Johnson, Mr. William",male,35.0,0,1,A/3465,22.75,,S,0,2
477,1,2,"Taylor, Miss. Emma",female,51.9,0,0,A/4097,17.83,,S,0,1
478,0,3,"Davis, Mr. Frank",male,34.5,2,2,A/9986,15.01,,S,0,5
479,0,3,"Jones, Mr. Charles",male,54.1,0,0,A/6785,12.12,,S,0,1
480,0,1,"Williams, Mr. James",male,47.0,0,0,A/4897,96.89,C83,S,1,1
481,0,2,"Taylor, Mr. John",male,11.2,1,2,A/3663,39.01,A61,Q,1,4
482,1,3,"Miller, Miss. Emma",female,68.3,0,0,A/8764,23.13,,C,0,1
483,1,3,"Anderson, Miss. Alice",female,37.1,1,0,A/3284,19.2,A61,S,1,2
484,0,1,"Miller, Mr. John",male,30.9,1,0,A/5553,115.01,A78,C,1,2
485,1,3,"Taylor, Miss. Ida",female,42.8,0,0,A/7513,9.66,,S,0,1
486,0,2,"Miller, Mr. George",male,7.0,2,1,A/7809,51.17,,C,0,4
487,0,3,"Davis, Mr. James",male,10.9,0,1,A/9606,24.76,E58,S,1,2
488,1,2,"Davis, Miss. Emma",female,53.1,0,0,A/4047,52.45,,S,0,1
489,0,3,"Anderson, Mr. George",male,16.5,0,0,A/5303,12.4,,S,0,1
490,1,1,"Jones, Miss. Ida",female,45.5,0,0,A/5541,183.4,A86,C,1,1
491,0,3,"Jones, Mr. Thomas",male,26.8,2,2,A/1287,22.22,,S,0,5
492,1,2,"Williams, Miss. Margaret",female,29.9,0,0,A/5749,28.12,,S,0,1
493,0,1,"Johnson, Mr. James",male,58.1,2,0,A/5447,227.65,C22,S,1,3
494,0,2,"Williams, Mr. George",male,24.5,0,0,A/4569,21.95,,S,0,1
495,0,3,"Taylor, Mr. William",male,9.0,0,0,A/8856,13.27,,S,0,1
496,1,2,"Taylor, Miss. Margaret",female,52.4,0,0,A/3108,53.56,B49,S,1,1
497,1,1,"Johnson, Mr. William",male,30.8,0,0,A/1537,252.4,E85,S,1,1
498,0,1,"Johnson, Mr. George",male,55.0,1,0,A/4277,112.5,C13,S,1,2
499,1,3,"Anderson, Miss. Margaret",female,54.9,1,0,A/9272,17.26,E11,S,1,2
500,0,3,"Williams, Miss. Mary",female,37.1,0,2,A/8777,13.6,,S,0,3
501,0,3,"Miller, Mr. Joseph",male,29.1,0,0,A/8633,8.99,C46,S,1,1
502,1,1,"Johnson, Mr. Joseph",male,22.5,1,0,A/7672,136.84,D34,C,1,2
503,1,3,"Miller, Miss. Emma",female,47.4,1,1,A/9563,18.85,B60,S,1,3
504,0,3,"Williams, Mr. William",male,35.0,0,2,A/7623,9.21,,C,0,3
505,0,2,"Anderson, Miss. Minnie",female,66.1,0,1,A/7626,59.44,,S,0,2
506,0,3,"Wilson, Mr. Thomas",male,3.1,2,0,A/2117,15.97,B58,S,1,3
507,0,2,"Anderson, Mr. William",male,36.9,1,1,A/4308,28.21,,S,0,3
508,0,3,"Taylor, Miss. Mary",female,37.1,1,0,A/7285,15.1,,S,0,2
509,0,1,"Jones, Mr. James",male,30.9,2,1,A/8986,245.72,E96,S,1,4
510,0,3,"Wilson, Mr. Thomas",male,35.0,0,1,A/5315,15.9,,S,0,2
511,1,2,"Miller, Miss. Mary",female,43.45,0,0,A/1440,49.43,,S,0,1
512,1,2,"Davis, Miss. Margaret",female,17.2,0,2,A/2391,55.97,C24,S,1,3
513,0,1,"Wilson, Mr. Joseph",male,19.4,2,1,A/1364,296.73,D83,S,1,4
514,1,3,"Johnson, Miss. Elizabeth",female,53.8,0,0,A/5907,13.54,,S,0,1
515,1,3,"Taylor, Miss. Elizabeth",female,37.1,1,1,A/4700,18.24,,C,0,3
516,0,3,"Jones, Mr. William",male,30.5,0,0,A/5945,16.08,,S,0,1
517,0,2,"Jones, Mr. Thomas",male,61.8,2,2,A/4056,40.96,,Q,0,5
518,0,3,"Taylor, Mr. Joseph",male,5.1,0,0,A/8577,9.66,,S,0,1
519,0,2,"Miller, Mr. William",male,19.4,0,0,A/5201,45.91,,S,0,1
520,0,1,"Jones, Mr. Thomas",male,30.1,0,0,A/3610,132.72,A43,C,1,1
521,0,2,"Smith, Mr. Thomas",male,34.2,0,0,A/5882,54.02,,S,0,1
522,0,2,"Johnson, Miss. Ida",female,10.7,0,2,A/9196,56.98,,C,0,3
523,0,3,"Jones, Miss. Alice",female,9.4,0,0,A/7388,21.51,,Q,0,1
524,0,1,"Brown, Mr. George",male,41.7,1,2,A/7139,230.91,A50,S,1,4
525,0,3,"Jones, Mr. James",male,57.7,0,2,A/1570,22.15,,Q,0,3
526,1,3,"Brown, Miss. Minnie",female,67.1,0,0,A/9763,22.61,,S,0,1
527,1,3,"Jones, Mr. George",male,17.2,0,0,A/8190,18.36,,C,0,1
528,0,2,"Johnson, Mr. Thomas",male,59.0,2,1,A/2644,52.1,,S,0,4
529,0,2,"Taylor, Mr. Frank",male,34.2,0,0,A/8264,50.6,D35,S,1,1
530,0,2,"Williams, Mr. Charles",male,58.3,0,2,A/7722,50.67,,S,0,3
531,0,3,"Anderson, Mr. Frank",male,35.0,1,0,A/3980,14.08,,C,0,2
532,0,3,"Smith, Mr. Charles",male,14.7,2,0,A/1815,14.22,,S,0,3
533,1,1,"Anderson, Mr. William",male,54.4,1,1,A/2941,121.63,B34,Q,1,3
534,1,3,"Wilson, Mr. Joseph",male,42.4,0,0,A/7853,10.25,,S,0,1
535,0,3,"Wilson, Mr. Charles",male,32.6,0,1,A/3182,22.69,,S,0,2
536,1,1,"Davis, Mr. George",male,4.6,0,1,A/6804,299.25,E15,S,1,2
537,1,3,"Davis, Mr. Frank",male,3.8,0,0,A/3783,16.07,,C,0,1
538,1,1,"Taylor, Mr. Joseph",male,30.9,0,0,A/9179,270.49,C56,Q,1,1
539,1,2,"Anderson, Miss. Minnie",female,12.4,2,1,A/3478,40.01,,S,0,4
540,0,2,"Smith, Mr. Charles",male,12.3,1,1,A/2900,59.78,,S,0,3
541,1,2,"Wilson, Miss. Alice",female,60.8,0,0,A/2533,24.17,,C,0,1
542,1,3,"Anderson, Miss. Elizabeth",female,37.3,1,0,A/7822,23.57,,S,0,2
543,0,1,"Jones, Mr. William",male,66.6,0,0,A/1473,88.64,D68,S,1,1
544,1,2,"Miller, Miss. Mary",female,23.4,2,2,A/3118,24.51,C51,C,1,5
545,1,3,"Anderson, Mr. Joseph",male,17.6,1,0,A/1336,22.34,,C,0,2
546,1,2,"Williams, Miss. Anna",female,51.8,0,2,A/3151,31.16,C75,S,1,3
547,1,2,"Jones, Mr. Joseph",male,26.4,0,1,A/7979,19.18,,Q,0,2
548,0,3,"Williams, Mr. Thomas",male,6.8,1,1,A/2297,23.33,,S,0,3
549,1,1,"Brown, Miss. Ida",female,34.7,0,0,A/9411,94.76,D62,S,1,1
550,0,3,"Jones, Mr. Frank",male,35.0,1,0,A/2866,20.33,,C,0,2
551,0,3,"Davis, Mr. George",male,53.3,1,2,A/5342,13.14,,C,0,4
552,0,1,"Anderson, Mr. George",male,30.9,1,0,A/1095,160.83,A31,S,1,2
553,0,3,"Anderson, Mr. Thomas",male,43.6,2,1,A/5958,8.58,B24,C,1,4
554,0,3,"Smith, Mr. Charles",male,35.0,0,1,A/9824,10.44,,S,0,2
555,0,3,"Williams, Mr. James",male,34.5,0,1,A/4975,10.62,,C,0,2
556,0,1,"Davis, Mr. Joseph",male,42.1,1,0,A/1606,182.12,D75,S,1,2
557,0,3,"Wilson, Miss. Elizabeth",female,30.1,0,2,A/2040,11.82,,C,0,3
558,0,1,"Miller, Mr. Thomas",male,30.9,0,0,A/8688,149.08,B74,S,1,1
559,1,3,"Anderson, Mr. Thomas",male,50.1,1,0,A/8738,21.4,,S,0,2
560,1,2,"Wilson, Miss. Emma",female,43.45,1,0,A/7815,57.44,,S,0,2
561,1,3,"Miller, Miss. Minnie",female,37.1,1,0,A/2043,13.08,B25,S,1,2
562,0,3,"Miller, Miss. Mary",female,62.8,2,2,A/2706,19.72,,S,0,5
563,0,3,"Johnson, Miss. Anna",female,60.2,0,2,A/1687,16.13,,S,0,3
564,0,1,"Jones, Mr. Thomas",male,61.1,0,0,A/6482,258.41,A35,S,1,1
565,1,2,"Brown, Miss. Alice",female,6.9,0,1,A/6908,43.32,,C,0,2
566,1,3,"Williams, Miss. Ida",female,32.7,1,0,A/1487,14.97,,C,0,2
567,0,3,"Miller, Mr. Frank",male,31.0,1,0,A/3473,23.25,E47,S,1,2
568,0,3,"Jones, Miss. Margaret",female,37.1,0,2,A/3406,19.61,,S,0,3
569,0,3,"Wilson, Miss. Margaret",female,28.9,0,0,A/2380,7.67,,C,0,1
570,0,3,"Taylor, Mr. George",male,22.5,0,0,A/1383,7.5,,S,0,1
571,0,2,"Davis, Miss. Anna",female,18.9,1,0,A/3028,17.15,,S,0,2
572,0,2,"Wilson, Miss. Margaret",female,69.2,1,2,A/4831,30.77,,C,0,4
573,1,3,"Davis, Miss. Elizabeth",female,14.3,0,1,A/2605,9.64,,S,0,2
574,1,1,"Williams, Mr. Thomas",male,30.9,2,2,A/7598,205.3,E60,C,1,5
575,0,3,"Wilson, Mr. Thomas",male,12.2,1,0,A/8942,19.8,E77,S,1,2
576,0,1,"Williams, Mr. Frank",male,30.9,1,0,A/2980,155.0,C15,S,1,2
577,1,1,"Miller, Mr. George",male,30.9,0,0,A/7910,81.19,C46,S,1,1
578,1,3,"Johnson, Mr. Frank",male,35.0,1,2,A/6074,17.18,,C,0,4
579,0,3,"Anderson, Miss. Emma",female,32.8,1,1,A/3440,22.59,,C,0,3
580,0,3,"Brown, Mr. Joseph",male,35.0,2,1,A/5544,18.63,,C,0,4
581,1,3,"Jones, Miss. Anna",female,37.1,1,2,A/1866,24.23,,C,0,4
582,0,3,"Taylor, Mr. James",male,15.2,2,2,A/8278,8.52,,S,0,5
583,0,3,"Smith, Mr. Frank",male,60.3,0,1,A/5213,8.64,,S,0,2
584,0,2,"Johnson, Mr. James",male,12.7,1,0,A/3973,16.22,D22,S,1,2
585,1,2,"Davis, Mr. William",male,42.2,0,1,A/9333,48.86,,S,0,2
586,0,1,"Davis, Mr. William",male,17.1,0,0,A/2663,126.65,E93,C,1,1
587,0,2,"Johnson, Mr. Charles",male,34.2,1,0,A/5016,39.19,,Q,0,2
588,0,3,"Wilson, Mr. George",male,35.0,0,1,A/5477,17.76,,S,0,2
589,1,2,"Anderson, Mr. George",male,39.9,0,0,A/7476,46.43,,C,0,1
590,0,3,"Brown, Miss. Margaret",female,44.8,2,1,A/5473,11.43,,S,0,4
591,0,3,"Smith, Mr. James",male,35.0,1,0,A/1156,19.11,,C,0,2
592,0,3,"Taylor, Miss. Anna",female,6.3,0,1,A/3022,13.35,,C,0,2
593,0,2,"Smith, Mr. William",male,31.7,0,0,A/5606,45.62,,S,0,1
594,0,3,"Brown, Mr. Charles",male,3.5,1,2,A/4425,7.13,,S,0,4
595,1,1,"Taylor, Mr. Thomas",male,30.9,2,2,A/3875,85.03,B18,S,1,5
596,1,3,"Taylor, Miss. Minnie",female,69.4,2,2,A/5143,19.25,,S,0,5
597,1,2,"Smith, Miss. Margaret",female,19.9,2,2,A/8644,37.3,,S,0,5
598,0,3,"Davis, Mr. Thomas",male,24.1,1,0,A/4696,24.61,,S,0,2
599,0,2,"Jones, Mr. William",male,34.2,1,1,A/1393,41.66,,S,0,3
600,0,2,"Brown, Mr. Frank",male,36.9,0,0,A/8184,49.38,,S,0,1
601,1,1,"Smith, Mr. Joseph",male,5.5,0,0,A/8240,82.6,E90,S,1,1
602,0,1,"Smith, Mr. George",male,43.6,1,0,A/1173,174.28,D64,C,1,2
603,0,3,"Smith, Mr. Thomas",male,8.5,0,2,A/2106,17.67,,Q,0,3
604,0,1,"Miller, Mr. Joseph",male,13.8,0,0,A/1991,99.37,E65,S,1,1
605,1,3,"Anderson, Mr. James",male,24.7,0,0,A/9481,17.56,,S,0,1
606,1,3,"Smith, Miss. Ida",female,45.2,0,0,A/6595,10.41,,S,0,1
607,1,3,"Anderson, Miss. Margaret",female,12.2,1,0,A/9125,10.95,B98,S,1,2
608,0,3,"Miller, Mr. Joseph",male,35.0,0,0,A/1162,8.33,A28,S,1,1
609,0,1,"Miller, Mr. John",male,30.9,0,0,A/4587,273.64,B53,C,1,1
610,0,2,"Williams, Mr. George",male,34.2,2,0,A/7208,44.47,,S,0,3
611,0,1,"Miller, Mr. Frank",male,68.4,1,1,A/2071,97.25,B34,S,1,3
612,0,2,"Anderson, Mr. Joseph",male,4.2,1,2,A/4098,53.45,,S,0,4
613,0,2,"Jones, Mr. James",male,62.1,0,0,A/8711,50.59,,S,0,1
614,1,2,"Taylor, Miss. Margaret",female,23.2,0,2,A/8918,47.2,,S,0,3
615,1,2,"Anderson, Miss. Mary",female,32.2,0,1,A/4581,28.77,,S,0,2
616,1,3,"Taylor, Mr. William",male,35.0,1,2,A/6760,11.14,E89,S,1,4
617,0,3,"Miller, Mr. Thomas",male,13.4,0,0,A/2243,13.46,E75,S,1,1
618,1,1,"Brown, Mr. William",male,38.7,0,0,A/6394,127.51,C34,C,1,1
619,1,3,"Taylor, Miss. Minnie",female,57.7,1,1,A/1194,15.5,,C,0,3
620,0,1,"Brown, Mr. Charles",male,55.2,1,1,A/6581,252.14,C34,S,1,3
621,0,3,"Wilson, Mr. Thomas",male,35.0,0,2,A/3102,12.5,,S,0,3
622,0,3,"Brown, Mr. Joseph",male,53.6,2,2,A/5909,12.87,A27,S,1,5
623,0,3,"Anderson, Mr. Joseph",male,28.0,1,1,A/4085,15.55,,Q,0,3
624,0,3,"Williams, Mr. William",male,35.0,2,2,A/9005,7.48,,Q,0,5
625,0,2,"Jones, Mr. William",male,1.8,0,1,A/7407,22.07,E63,S,1,2
626,1,1,"Brown, Miss. Emma",female,57.4,2,1,A/3601,208.85,C85,S,1,4
627,0,3,"Brown, Mr. John",male,57.9,1,0,A/9615,12.92,,S,0,2
628,0,3,"Johnson, Mr. George",male,24.9,2,0,A/7407,18.03,,S,0,3
629,1,2,"Davis, Miss. Alice",female,49.2,0,1,A/1715,25.79,,S,0,2
630,0,3,"Johnson, Mr. Charles",male,53.6,0,0,A/2253,20.6,,C,0,1
631,0,2,"Brown, Mr. John",male,34.2,2,1,A/7244,30.46,,S,0,4
632,0,1,"Williams, Mr. Frank",male,32.8,0,2,A/4969,234.12,D27,S,1,3
633,0,2,"Smith, Mr. William",male,34.2,2,1,A/3759,18.49,,S,0,4
634,0,1,"Brown, Mr. John",male,31.5,0,2,A/2684,159.84,C66,S,1,3
635,1,1,"Brown, Miss. Elizabeth",female,7.3,1,0,A/1238,147.54,B97,S,1,2
636,1,1,"Williams, Miss. Emma",female,57.3,0,2,A/4105,213.67,E60,Q,1,3
637,1,1,"Miller, Mr. Frank",male,22.8,1,0,A/8516,120.62,C93,S,1,2
638,1,1,"Davis, Miss. Minnie",female,69.3,2,2,A/3809,127.95,A86,S,1,5
639,0,3,"Williams, Mr. Frank",male,48.4,2,1,A/2106,13.03,,S,0,4
640,0,2,"Brown, Mr. John",male,62.9,0,0,A/8020,49.08,,S,0,1
641,0,2,"Williams, Mr. Joseph",male,34.2,2,2,A/8270,48.27,,S,0,5
642,1,3,"Taylor, Miss. Ida",female,2.6,2,0,A/6615,11.36,,Q,0,3
643,0,3,"Brown, Mr. Joseph",male,35.0,2,0,A/2058,22.66,B16,S,1,3
644,0,1,"Johnson, Mr. James",male,65.3,0,2,A/2280,168.04,D49,S,1,3
645,1,1,"Anderson, Mr. Charles",male,67.8,0,0,A/8883,88.4,C60,S,1,1
646,0,3,"Anderson, Mr. Joseph",male,55.8,0,1,A/8002,22.37,,Q,0,2
647,0,3,"Williams, Mr. George",male,20.5,1,2,A/8878,8.29,D35,S,1,4
648,0,1,"Taylor, Mr. Frank",male,65.9,2,0,A/7292,182.6,E19,S,1,3
649,1,1,"Davis, Miss. Emma",female,18.6,2,0,A/9349,233.1,C99,S,1,3
650,0,2,"Brown, Mr. Charles",male,25.9,2,0,A/3422,26.76,,S,0,3
651,1,2,"Williams, Mr. John",male,34.2,2,1,A/7515,46.77,,S,0,4
652,1,3,"Williams, Miss. Ida",female,67.8,2,1,A/6045,20.21,,Q,0,4
653,0,3,"Anderson, Mr. Frank",male,15.5,2,1,A/6047,7.12,,S,0,4
654,1,1,"Davis, Miss. Ida",female,12.8,0,0,A/3200,115.54,B74,Q,1,1
655,1,3,"Williams, Miss. Elizabeth",female,37.1,0,0,A/7697,14.93,,S,0,1
656,1,3,"Johnson, Mr. Joseph",male,35.0,0,2,A/4846,15.6,,S,0,3
657,1,1,"Smith, Miss. Mary",female,1.5,1,2,A/5355,284.39,D53,S,1,4
658,0,2,"Miller, Miss. Margaret",female,46.9,1,2,A/1937,58.89,,C,0,4
659,1,1,"Davis, Miss. Emma",female,34.7,1,0,A/5072,154.74,E97,S,1,2
660,0,3,"Brown, Mr. John",male,57.1,0,0,A/1749,24.45,,S,0,1
661,1,1,"Anderson, Mr. William",male,66.0,1,0,A/7305,137.59,B28,C,1,2
662,1,3,"Taylor, Miss. Mary",female,21.8,2,2,A/8648,10.02,,S,0,5
663,0,3,"Brown, Mr. James",male,7.2,1,0,A/3625,23.72,,S,0,2
664,1,2,"Wilson, Miss. Anna",female,44.7,1,0,A/6452,54.24,,C,0,2
665,0,3,"Davis, Mr. Joseph",male,67.7,1,0,A/4662,11.66,,S,0,2
666,0,2,"Brown, Mr. William",male,34.2,0,1,A/1027,28.99,,S,0,2
667,0,2,"Miller, Mr. James",male,16.3,1,0,A/9819,53.36,,C,0,2
668,0,2,"Wilson, Mr. James",male,34.2,2,0,A/6245,28.9,,S,0,3
669,1,3,"Wilson, Miss. Elizabeth",female,27.0,0,0,A/4450,22.27,,S,0,1
670,0,3,"Williams, Miss. Alice",female,57.2,0,0,A/9977,14.06,,S,0,1
671,0,2,"Johnson, Mr. George",male,49.4,1,1,A/2594,20.89,,S,0,3
672,1,3,"Jones, Miss. Alice",female,31.5,1,0,A/3372,10.78,,S,0,2
673,0,3,"Anderson, Mr. William",male,11.2,1,0,A/1922,8.73,,S,0,2
674,0,1,"Miller, Miss. Ida",female,28.9,0,0,A/4946,161.23,C98,S,1,1
675,1,1,"Johnson, Miss. Alice",female,20.0,2,1,A/7018,72.67,A20,S,1,4
676,1,3,"Brown, Miss. Mary",female,34.1,2,0,A/3967,13.91,,C,0,3
677,0,2,"Miller, Mr. William",male,38.1,1,0,A/7451,40.02,,C,0,2
678,0,3,"Anderson, Mr. William",male,46.4,0,0,A/3948,7.1,,S,0,1
679,0,1,"Williams, Mr. William",male,3.4,0,2,A/5891,153.62,E31,S,1,3
680,0,3,"Jones, Mr. John",male,55.0,2,2,A/8289,9.52,,S,0,5
681,1,3,"Anderson, Miss. Elizabeth",female,4.1,0,0,A/3321,12.39,,Q,0,1
682,1,3,"Miller, Mr. George",male,6.1,0,0,A/7255,18.7,,S,0,1
683,1,3,"Williams, Miss. Elizabeth",female,69.7,2,0,A/7097,17.15,,S,0,3
684,1,1,"Miller, Miss. Ida",female,18.1,0,0,A/9707,95.3,E62,S,1,1
685,1,3,"Miller, Mr. George",male,19.9,0,1,A/4640,13.82,A32,S,1,2
686,0,3,"Wilson, Mr. William",male,60.7,1,0,A/2623,23.14,,Q,0,2
687,0,2,"Taylor, Mr. Joseph",male,34.2,0,2,A/3547,44.59,E44,S,1,3
688,0,3,"Brown, Miss. Ida",female,37.1,0,1,A/9228,12.16,,S,0,2
689,1,3,"Brown, Miss. Minnie",female,37.1,0,1,A/6123,22.21,,S,0,2
690,1,2,"Anderson, Mr. John",male,65.1,0,1,A/9334,56.96,D75,S,1,2
691,1,3,"Johnson, Mr. Joseph",male,35.0,2,0,A/7962,19.65,,S,0,3
692,1,3,"Taylor, Miss. Mary",female,47.5,1,0,A/3864,8.35,,S,0,2
693,0,3,"Davis, Mr. James",male,35.0,2,0,A/9832,22.31,,S,0,3
694,0,3,"Smith, Mr. Joseph",male,65.4,2,2,A/1580,23.84,,C,0,5
695,1,1,"Wilson, Mr. Frank",male,30.9,0,0,A/7587,151.54,A65,S,1,1
696,1,1,"Williams, Mr. Joseph",male,11.7,2,0,A/4704,178.26,C48,S,1,3
697,0,3,"Jones, Mr. William",male,31.3,0,0,A/8110,7.1,,C,0,1
698,0,1,"Williams, Mr. Joseph",male,3.2,2,0,A/8852,290.73,C25,S,1,3
699,0,3,"Williams, Miss. Margaret",female,28.6,2,1,A/3153,8.98,A26,S,1,4
700,1,3,"Brown, Miss. Mary",female,68.4,2,0,A/8116,15.64,,S,0,3
701,0,2,"Taylor, Mr. James",male,60.6,2,0,A/8031,23.93,,C,0,3
702,0,3,"Williams, Mr. Charles",male,44.8,0,0,A/3167,14.22,,S,0,1
703,0,1,"Brown, Mr. William",male,37.2,2,0,A/4633,147.32,D17,S,1,3
704,0,3,"Jones, Mr. Frank",male,29.8,0,0,A/3977,7.74,C37,S,1,1
705,0,2,"Davis, Mr. James",male,24.1,0,0,A/1223,45.73,,S,0,1
706,1,2,"Anderson, Miss. Margaret",female,41.3,0,0,A/3137,43.33,,S,0,1
707,0,3,"Brown, Miss. Elizabeth",female,6.2,1,2,A/6618,12.43,,C,0,4
708,0,3,"Williams, Mr. Charles",male,62.5,1,0,A/6996,15.07,,Q,0,2
709,1,1,"Taylor, Mr. John",male,67.8,0,0,A/1996,252.71,B60,S,1,1
710,0,3,"Johnson, Mr. James",male,39.8,1,1,A/5448,10.72,E37,S,1,3
711,1,1,"Taylor, Miss. Alice",female,18.9,0,0,A/5399,196.99,B38,S,1,1
712,0,1,"Williams, Mr. George",male,55.6,2,0,A/4440,192.96,A93,S,1,3
713,0,3,"Johnson, Mr. George",male,43.2,0,0,A/1170,21.83,,Q,0,1
714,1,1,"Taylor, Miss. Anna",female,66.3,0,2,A/4377,257.87,B51,S,1,3
715,1,3,"Davis, Miss. Emma",female,30.9,0,1,A/2535,15.93,,C,0,2
716,1,1,"Williams, Mr. George",male,30.9,0,1,A/4077,85.97,A64,S,1,2
717,0,3,"Johnson, Miss. Emma",female,42.6,1,1,A/1339,8.98,A26,S,1,3
718,0,1,"Anderson, Mr. John",male,30.9,0,2,A/6544,266.13,A35,S,1,3
719,1,3,"Williams, Miss. Minnie",female,37.1,0,2,A/5382,18.29,A23,S,1,3
720,1,1,"Davis, Miss. Emma",female,16.6,1,0,A/6788,220.73,B97,S,1,2
721,1,3,"Johnson, Miss. Alice",female,37.1,0,0,A/6854,8.37,,S,0,1
722,0,3,"Smith, Mr. James",male,42.4,2,1,A/3461,23.08,,S,0,4
723,1,2,"Jones, Miss. Alice",female,56.9,2,0,A/1035,53.78,,C,0,3
724,0,1,"Wilson, Mr. Thomas",male,30.9,1,0,A/3370,90.8,B33,C,1,2
725,0,2,"Wilson, Mr. Joseph",male,10.5,2,0,A/7278,33.84,,S,0,3
726,1,3,"Davis, Miss. Anna",female,40.9,2,0,A/2429,11.23,A56,S,1,3
727,1,3,"Smith, Miss. Margaret",female,54.7,0,0,A/8543,9.59,,Q,0,1
728,0,3,"Brown, Mr. John",male,35.0,2,0,A/7184,20.2,,S,0,3
729,0,1,"Anderson, Mr. William",male,11.9,0,0,A/3314,88.17,A11,S,1,1
730,0,3,"Williams, Mr. Thomas",male,49.2,0,1,A/7742,20.01,,S,0,2
731,0,1,"Smith, Mr. John",male,30.9,0,0,A/7494,261.52,D80,C,1,1
732,0,2,"Jones, Mr. Charles",male,34.2,0,2,A/7185,59.01,B61,S,1,3
733,0,1,"Taylor, Mr. William",male,22.6,2,1,A/7233,107.91,C92,S,1,4
734,1,2,"Miller, Mr. Frank",male,38.4,0,0,A/1179,49.04,,S,0,1
735,0,3,"Jones, Mr. William",male,39.9,1,0,A/1787,12.66,,S,0,2
736,0,2,"Davis, Mr. Charles",male,25.6,0,0,A/6428,33.33,,S,0,1
737,0,3,"Anderson, Mr. Joseph",male,3.6,0,0,A/8587,8.42,,Q,0,1
738,0,1,"Williams, Mr. James",male,69.5,1,2,A/6593,172.92,B53,S,1,4
739,1,3,"Smith, Miss. Ida",female,42.9,0,2,A/9151,8.75,C80,C,1,3
740,1,3,"Wilson, Miss. Anna",female,37.1,0,0,A/2116,12.04,,S,0,1
741,0,1,"Jones, Miss. Alice",female,31.5,0,0,A/8999,79.11,C61,S,1,1
742,1,3,"Wilson, Miss. Margaret",female,22.6,0,1,A/9289,15.1,,Q,0,2
743,1,1,"Smith, Miss. Elizabeth",female,11.7,0,0,A/7157,106.39,D19,S,1,1
744,1,3,"Miller, Miss. Alice",female,57.5,0,0,A/3953,20.17,,Q,0,1
745,0,3,"Miller, Mr. William",male,34.6,2,1,A/2873,12.01,B70,S,1,4
746,1,1,"Anderson, Mr. Joseph",male,55.5,1,0,A/1886,118.64,A97,S,1,2
747,0,2,"Williams, Mr. William",male,34.2,2,1,A/7876,38.62,,S,0,4
748,0,3,"Davis, Mr. Frank",male,14.7,1,1,A/8790,16.64,,Q,0,3
749,0,2,"Anderson, Miss. Ida",female,62.7,0,0,A/3369,29.57,,Q,0,1
750,1,3,"Miller, Miss. Mary",female,11.2,0,0,A/7658,11.73,,Q,0,1
751,1,3,"Wilson, Miss. Anna",female,13.9,2,2,A/3721,17.82,,S,0,5
752,1,1,"Smith, Miss. Margaret",female,34.7,0,2,A/3043,230.84,D62,S,1,3
753,1,2,"Taylor, Mr. Frank",male,34.2,1,0,A/3898,39.87,,S,0,2
754,0,2,"Davis, Miss. Minnie",female,63.5,0,0,A/2700,19.03,D23,S,1,1
755,1,3,"Johnson, Miss. Alice",female,47.1,1,0,A/4651,20.98,,S,0,2
756,1,3,"Miller, Miss. Alice",female,49.6,2,1,A/1124,23.91,,S,0,4
757,1,2,"Jones, Miss. Ida",female,43.45,1,0,A/1254,16.18,,C,0,2
758,1,3,"Miller, Miss. Margaret",female,30.7,1,1,A/4156,18.09,,S,0,3
759,0,3,"Davis, Mr. James",male,11.9,0,0,A/3069,16.08,,C,0,1
760,0,3,"Jones, Mr. James",male,7.4,1,0,A/3507,7.5,,Q,0,2
761,0,1,"Williams, Mr. Thomas",male,13.9,2,0,A/5864,114.58,B58,C,1,3
762,0,3,"Williams, Mr. John",male,8.1,1,2,A/3010,8.93,,C,0,4
763,0,1,"Miller, Mr. Charles",male,2.5,0,1,A/2250,118.37,D58,C,1,2
764,0,3,"Williams, Mr. James",male,46.5,2,2,A/1515,9.11,,S,0,5
765,0,3,"Smith, Mr. James",male,9.4,1,0,A/9781,7.41,,S,0,2
766,0,3,"Brown, Mr. John",male,51.2,0,0,A/5483,15.67,,S,0,1
767,0,3,"Wilson, Mr. Joseph",male,14.3,0,0,A/5605,24.31,E49,S,1,1
768,1,1,"Davis, Miss. Alice",female,57.3,1,0,A/7275,168.74,E55,S,1,2
769,0,3,"Williams, Mr. John",male,29.3,1,2,A/6771,14.17,C64,C,1,4
770,1,2,"Miller, Mr. Frank",male,1.7,2,0,A/6388,24.62,,S,0,3
771,0,1,"Jones, Mr. Charles",male,30.9,0,2,A/2225,202.01,D97,C,1,3
772,0,2,"Brown, Mr. John",male,69.3,1,0,A/3033,35.38,,S,0,2
773,0,1,"Smith, Mr. John",male,59.1,1,0,A/9740,281.15,A53,S,1,2
774,1,1,"Davis, Mr. George",male,28.6,1,0,A/9090,210.83,D48,S,1,2
775,0,3,"Johnson, Miss. Margaret",female,37.1,0,0,A/1170,9.5,,C,0,1
776,0,3,"Johnson, Mr. Charles",male,57.3,1,0,A/1860,11.67,,S,0,2
777,0,3,"Miller, Mr. Joseph",male,35.0,0,2,A/8548,9.16,,S,0,3
778,1,3,"Davis, Miss. Alice",female,17.6,1,1,A/5596,12.79,,S,0,3
779,0,2,"Johnson, Mr. Frank",male,46.5,2,0,A/2278,18.38,,S,0,3
780,0,3,"Davis, Mr. Charles",male,57.2,1,2,A/6134,20.69,,S,0,4
781,0,1,"Williams, Mr. Charles",male,32.2,1,2,A/4326,249.4,B18,S,1,4
782,1,1,"Anderson, Mr. William",male,52.4,0,0,A/8550,113.02,A70,S,1,1
783,0,3,"Taylor, Mr. William",male,28.4,1,2,A/6467,7.96,,S,0,4
784,1,3,"Davis, Miss. Elizabeth",female,42.0,1,2,A/9087,16.34,A92,S,1,4
785,1,1,"Smith, Mr. George",male,20.0,1,1,A/7421,160.36,B98,S,1,3
786,1,1,"Miller, Miss. Minnie",female,1.2,0,2,A/8811,239.99,B31,S,1,3
787,0,1,"Wilson, Mr. James",male,30.5,0,0,A/5322,272.69,B96,C,1,1
788,0,1,"Wilson, Mr. John",male,8.5,0,2,A/5762,262.13,E74,S,1,3
789,0,1,"Jones, Mr. Frank",male,69.3,0,1,A/5153,153.79,A55,S,1,2
790,1,2,"Anderson, Mr. Thomas",male,51.2,0,0,A/7722,53.53,,S,0,1
791,0,3,"Davis, Mr. Frank",male,35.0,1,0,A/5487,22.79,,C,0,2
792,1,2,"Taylor, Miss. Emma",female,62.3,1,2,A/7836,57.54,,S,0,4
793,1,3,"Anderson, Miss. Anna",female,67.8,0,0,A/2805,24.45,,S,0,1
794,0,3,"Jones, Mr. James",male,56.2,0,1,A/1670,10.91,,S,0,2
795,1,3,"Miller, Mr. John",male,35.0,0,2,A/3540,24.17,,S,0,3
796,0,3,"Johnson, Mr. George",male,25.5,2,1,A/7923,14.18,,C,0,4
797,0,3,"Williams, Mr. Joseph",male,40.9,2,0,A/5096,9.44,,S,0,3
798,0,1,"Wilson, Mr. James",male,31.1,0,2,A/8240,229.65,E97,C,1,3
799,0,3,"Davis, Mr. Joseph",male,2.8,1,0,A/3303,18.07,,S,0,2
800,1,3,"Taylor, Mr. George",male,9.7,2,0,A/8582,21.53,,S,0,3
801,0,1,"Johnson, Mr. Frank",male,40.0,2,0,A/1997,97.93,E96,S,1,3
802,1,3,"Taylor, Miss. Emma",female,10.4,2,0,A/5929,18.31,,Q,0,3
803,1,3,"Brown, Mr. William",male,35.0,0,2,A/2587,11.45,A74,S,1,3
804,0,1,"Davis, Mr. Thomas",male,59.1,1,0,A/8194,267.64,E25,S,1,2
805,0,3,"Brown, Mr. James",male,14.8,1,0,A/5742,19.02,,S,0,2
806,0,3,"Johnson, Mr. Thomas",male,2.9,1,0,A/7380,7.2,,S,0,2
807,0,3,"Smith, Mr. Frank",male,50.9,0,0,A/3593,13.44,,S,0,1
808,1,2,"Davis, Miss. Anna",female,43.45,2,2,A/6558,35.68,,S,0,5
809,0,3,"Davis, Miss. Anna",female,27.0,1,2,A/3955,17.37,,C,0,4
810,0,3,"Miller, Mr. Frank",male,5.7,0,0,A/4796,8.74,D51,C,1,1
811,0,3,"Brown, Miss. Anna",female,37.1,1,1,A/2054,8.11,,S,0,3
812,0,3,"Miller, Mr. John",male,49.2,1,0,A/4272,10.52,,S,0,2
813,1,1,"Davis, Miss. Elizabeth",female,34.7,2,0,A/4334,77.65,B10,S,1,3
814,0,2,"Johnson, Mr. Frank",male,63.9,2,2,A/9129,23.56,,C,0,5
815,0,3,"Taylor, Mr. James",male,44.2,0,2,A/2280,9.29,,S,0,3
816,1,3,"Taylor, Mr. Frank",male,21.0,0,1,A/6863,8.22,,Q,0,2
817,0,1,"Taylor, Mr. George",male,30.9,2,0,A/8716,285.49,C93,S,1,3
818,1,2,"Miller, Mr. John",male,51.6,2,0,A/4860,37.21,,S,0,3
819,0,3,"Smith, Miss. Margaret",female,42.3,1,0,A/8844,24.04,,S,0,2
820,0,1,"Miller, Mr. Joseph",male,61.5,0,0,A/1906,76.06,B78,S,1,1
821,1,2,"Smith, Miss. Alice",female,49.0,1,1,A/3257,20.2,E57,S,1,3
822,1,2,"Brown, Miss. Elizabeth",female,43.45,1,2,A/1750,59.59,B17,S,1,4
823,1,1,"Smith, Mr. Frank",male,17.9,0,0,A/7517,180.1,A94,S,1,1
824,0,2,"Wilson, Mr. Frank",male,31.6,0,0,A/5795,54.1,,C,0,1
825,0,2,"Johnson, Mr. John",male,66.6,1,0,A/2285,24.16,E39,S,1,2
826,0,3,"Williams, Mr. John",male,45.8,1,0,A/1348,15.98,C85,S,1,2
827,0,3,"Jones, Mr. Joseph",male,27.5,0,0,A/4370,13.83,,S,0,1
828,0,3,"Miller, Mr. John",male,24.2,0,2,A/4547,20.63,,C,0,3
829,0,2,"Smith, Mr. William",male,65.3,0,2,A/8594,34.07,,C,0,3
830,1,2,"Wilson, Miss. Elizabeth",female,43.45,2,0,A/2401,59.95,,S,0,3
831,0,3,"Jones, Mr. Frank",male,46.1,1,0,A/3036,12.52,,C,0,2
832,1,3,"Smith, Mr. Thomas",male,35.0,0,1,A/4569,14.35,,S,0,2
833,0,3,"Johnson, Mr. Thomas",male,20.1,1,0,A/4726,18.35,E93,S,1,2
834,0,1,"Taylor, Mr. Thomas",male,30.9,2,0,A/1996,288.89,C42,S,1,3
835,1,3,"Taylor, Miss. Mary",female,6.3,1,0,A/9372,8.39,,S,0,2
836,0,3,"Johnson, Miss. Ida",female,37.1,0,2,A/6902,13.03,,S,0,3
837,1,3,"Anderson, Miss. Mary",female,37.1,0,2,A/1418,8.91,,S,0,3
838,0,3,"Anderson, Miss. Margaret",female,41.2,2,0,A/7243,20.73,,Q,0,3
839,1,3,"Anderson, Miss. Ida",female,37.1,1,0,A/8738,18.87,,S,0,2
840,1,1,"Brown, Mr. Frank",male,26.0,1,0,A/2890,229.41,D62,S,1,2
841,0,2,"Miller, Mr. Thomas",male,29.9,1,0,A/9808,26.02,,S,0,2
842,0,3,"Jones, Mr. Frank",male,35.0,1,2,A/3431,17.37,,C,0,4
843,1,3,"Smith, Miss. Emma",female,39.3,1,0,A/3070,22.65,,S,0,2
844,0,1,"Taylor, Mr. Joseph",male,28.8,1,0,A/5806,97.38,C85,S,1,2
845,1,1,"Johnson, Miss. Margaret",female,44.5,2,1,A/5739,244.26,B33,C,1,4
846,1,3,"Taylor, Miss. Anna",female,37.1,1,0,A/8430,13.83,,S,0,2
847,1,3,"Johnson, Miss. Elizabeth",female,39.9,1,2,A/9326,22.19,,S,0,4
848,0,2,"Williams, Mr. John",male,69.3,0,1,A/9505,27.52,,S,0,2
849,0,2,"Jones, Mr. George",male,12.7,0,2,A/2738,56.6,,S,0,3
850,1,1,"Williams, Miss. Mary",female,34.7,1,2,A/4197,71.53,A57,S,1,4
851,0,3,"Wilson, Mr. James",male,8.6,2,0,A/8281,23.0,,S,0,3
852,0,1,"Johnson, Mr. Frank",male,16.3,0,0,A/3567,186.62,C68,S,1,1
853,1,3,"Miller, Miss. Mary",female,55.8,0,0,A/1583,24.09,,S,0,1
854,1,3,"Brown, Miss. Elizabeth",female,37.1,0,1,A/5630,9.37,,S,0,2
855,1,3,"Brown, Miss. Mary",female,43.2,2,0,A/1635,14.53,,S,0,3
856,0,3,"Wilson, Mr. James",male,61.4,2,1,A/9031,21.34,,S,0,4
857,0,3,"Johnson, Mr. George",male,18.1,1,0,A/3886,15.37,,S,0,2
858,1,3,"Wilson, Miss. Alice",female,3.0,0,2,A/4524,23.02,,S,0,3
859,0,3,"Miller, Mr. Joseph",male,28.5,0,0,A/8954,20.11,,C,0,1
860,0,2,"Anderson, Mr. James",male,8.6,1,2,A/6401,20.81,,Q,0,4
861,0,1,"Miller, Mr. Frank",male,46.2,1,0,A/6932,193.16,B78,S,1,2
862,0,3,"Williams, Mr. Frank",male,51.6,0,0,A/1328,20.59,,S,0,1
863,1,3,"Jones, Mr. George",male,48.5,0,0,A/3025,21.63,,S,0,1
864,1,3,"Johnson, Miss. Anna",female,53.6,1,0,A/1241,20.37,,Q,0,2
865,0,1,"Davis, Mr. Charles",male,55.1,1,2,A/1383,139.5,D35,S,1,4
866,0,3,"Davis, Mr. George",male,29.0,0,1,A/5659,23.34,,S,0,2
867,0,1,"Davis, Mr. Frank",male,32.2,1,0,A/7510,247.38,D57,S,1,2
868,1,1,"Williams, Mr. William",male,30.9,1,2,A/5095,89.29,D88,C,1,4
869,0,3,"Brown, Miss. Mary",female,22.5,0,0,A/1598,12.79,,S,0,1
870,1,1,"Taylor, Miss. Alice",female,46.0,0,1,A/8913,188.32,A23,S,1,2
871,0,1,"Smith, Mr. James",male,30.9,0,1,A/2862,78.98,D73,S,1,2
872,0,3,"Taylor, Mr. Joseph",male,31.0,0,0,A/9560,12.8,,S,0,1
873,0,1,"Brown, Mr. Frank",male,32.9,0,0,A/3690,190.61,D11,S,1,1
874,0,1,"Smith, Mr. George",male,30.9,0,2,A/8513,146.14,A89,S,1,3
875,1,1,"Taylor, Mr. Charles",male,30.9,0,0,A/5656,258.77,D84,C,1,1
876,1,2,"Jones, Miss. Elizabeth",female,43.45,2,0,A/5587,23.02,,S,0,3
877,0,3,"Davis, Mr. Frank",male,42.7,2,2,A/8756,10.77,B37,S,1,5
878,0,3,"Williams, Mr. Thomas",male,62.8,0,0,A/9383,21.53,,S,0,1
879,1,2,"Brown, Miss. Ida",female,33.7,0,2,A/6193,38.88,,C,0,3
880,0,3,"Jones, Miss. Emma",female,34.8,0,0,A/8133,18.74,,C,0,1
881,1,3,"Miller, Miss. Ida",female,69.9,0,1,A/7130,10.22,,S,0,2
882,0,2,"Smith, Mr. George",male,64.2,1,0,A/5473,16.51,,S,0,2
883,1,1,"Jones, Miss. Minnie",female,57.8,2,1,A/8446,182.77,D92,C,1,4
884,0,3,"Smith, Mr. James",male,35.0,0,0,A/7874,22.01,D91,C,1,1
885,1,2,"Jones, Miss. Elizabeth",female,24.0,2,0,A/3772,55.76,,Q,0,3
886,0,3,"Davis, Miss. Ida",female,5.5,1,0,A/5368,8.51,,S,0,2
887,1,1,"Williams, Mr. John",male,9.1,1,2,A/2410,200.22,D21,S,1,4
888,1,1,"Williams, Miss. Margaret",female,53.9,0,0,A/7136,175.88,B49,C,1,1
889,1,3,"Brown, Miss. Emma",female,20.8,0,0,A/6169,14.45,,S,0,1
890,1,1,"Jones, Miss. Alice",female,40.9,0,2,A/8367,260.79,B14,Q,1,3
891,0,3,"Anderson, Mr. Charles",male,45.6,2,0,A/4398,13.16,,S,0,3
