CustomerID,Gender,Age,Annual_Income_k,Spending_Score_1_100,Cluster
1001,Male,19,52,47,3
1002,Male,65,36,39,2
1003,Male,55,82,6,0
1004,Male,31,31,98,1
1005,Male,53,37,94,1
1006,Female,32,117,22,0
1007,Male,66,37,87,1
1008,Female,35,21,81,1
1009,Male,23,86,27,0
1010,Female,56,70,41,3
1011,Female,52,27,10,2
1012,Female,58,136,83,4
1013,Male,63,16,19,2
1014,Female,23,18,84,1
1015,Female,47,50,51,3
1016,Female,31,67,60,3
1017,Male,56,32,75,1
1018,Male,47,97,19,0
1019,Female,67,22,7,2
1020,Female,43,47,46,3
1021,Female,31,105,34,0
1022,Male,34,22,95,1
1023,Female,65,107,97,4
1024,Female,41,19,92,1
1025,Female,23,18,14,2
1026,Male,68,118,9,0
1027,Female,42,109,93,4
1028,Female,53,36,12,2
1029,Female,67,48,49,3
1030,Female,28,80,21,0
1031,Male,50,35,24,2
1032,Male,27,69,45,3
1033,Male,56,60,40,3
1034,Male,41,52,41,3
1035,Male,54,17,36,2
1036,Male,66,129,68,4
1037,Male,60,115,15,0
1038,Female,51,107,73,4
1039,Male,63,57,60,3
1040,Female,46,108,67,4
1041,Male,32,25,6,2
1042,Male,55,15,64,1
1043,Male,32,16,26,2
1044,Male,50,23,91,1
1045,Male,52,38,96,1
1046,Female,33,131,31,0
1047,Male,24,36,32,2
1048,Female,45,109,8,0
1049,Male,21,126,26,0
1050,Male,33,21,94,1
1051,Female,26,91,22,0
1052,Female,33,29,11,2
1053,Male,59,133,60,4
1054,Male,66,20,86,1
1055,Female,48,27,63,1
1056,Male,42,27,21,2
1057,Female,36,124,36,0
1058,Male,30,51,41,3
1059,Male,65,46,41,3
1060,Female,50,90,63,4
1061,Male,29,34,9,2
1062,Male,43,33,20,2
1063,Male,57,28,38,2
1064,Female,34,36,80,1
1065,Male,34,88,24,0
1066,Female,38,15,34,2
1067,Male,22,93,92,4
1068,Female,26,73,42,3
1069,Male,41,50,54,3
1070,Female,57,80,95,4
1071,Female,60,19,21,2
1072,Male,24,89,77,4
1073,Female,56,37,81,1
1074,Male,61,61,55,3
1075,Female,21,35,32,2
1076,Female,20,25,13,2
1077,Female,28,115,32,0
1078,Male,25,37,14,2
1079,Male,41,115,69,4
1080,Female,26,24,28,2
1081,Male,40,36,75,1
1082,Male,40,136,86,4
1083,Male,33,40,71,1
1084,Female,19,38,81,1
1085,Female,69,23,70,1
1086,Male,42,30,19,2
1087,Male,70,102,24,0
1088,Male,32,36,17,2
1089,Female,39,72,42,3
1090,Female,40,105,94,4
1091,Female,19,23,16,2
1092,Female,20,34,32,2
1093,Female,64,58,59,3
1094,Male,42,92,76,4
1095,Male,63,80,38,3
1096,Male,41,84,26,0
1097,Female,60,38,24,2
1098,Female,60,100,30,0
1099,Female,53,21,86,1
1100,Female,61,34,96,1
1101,Female,43,133,60,4
1102,Female,36,28,97,1
1103,Female,47,108,18,0
1104,Female,68,36,65,1
1105,Female,50,101,65,4
1106,Male,61,52,46,3
1107,Male,19,22,35,2
1108,Male,47,136,17,0
1109,Female,49,95,14,0
1110,Male,66,39,32,2
1111,Male,29,109,63,4
1112,Male,25,88,34,0
1113,Female,66,119,37,0
1114,Female,53,137,15,0
1115,Female,46,69,47,3
1116,Female,67,111,75,4
1117,Female,46,37,23,2
1118,Male,35,55,57,3
1119,Male,26,22,84,1
1120,Male,63,17,86,1
1121,Female,39,109,86,4
1122,Male,31,104,6,0
1123,Female,48,26,24,2
1124,Female,44,127,94,4
1125,Male,49,23,87,1
1126,Female,19,101,30,0
1127,Male,47,34,94,1
1128,Male,43,116,61,4
1129,Male,59,88,34,0
1130,Male,21,57,50,3
1131,Male,47,55,52,3
1132,Female,66,96,10,0
1133,Female,19,83,82,4
1134,Male,59,39,7,2
1135,Male,33,15,69,1
1136,Male,26,122,12,0
1137,Male,47,69,51,3
1138,Male,56,127,67,4
1139,Male,37,33,6,2
1140,Female,54,105,17,0
1141,Male,55,18,79,1
1142,Male,68,130,62,4
1143,Female,52,122,28,0
1144,Male,50,45,53,3
1145,Female,24,103,34,0
1146,Male,45,38,93,1
1147,Female,57,129,90,4
1148,Female,45,97,80,4
1149,Male,23,73,54,3
1150,Male,66,116,29,0
1151,Female,19,134,25,0
1152,Male,49,26,76,1
1153,Female,35,124,77,4
1154,Male,51,17,75,1
1155,Female,49,128,75,4
1156,Female,59,108,6,0
1157,Male,36,27,75,1
1158,Female,60,103,90,4
1159,Female,45,101,82,4
1160,Female,35,53,47,3
1161,Male,64,25,67,1
1162,Male,30,38,90,1
1163,Female,64,128,93,4
1164,Female,24,24,74,1
1165,Female,29,45,57,3
1166,Male,35,16,23,2
1167,Male,58,86,5,0
1168,Female,48,108,26,0
1169,Male,21,75,55,3
1170,Male,70,27,36,2
1171,Male,54,19,14,2
1172,Female,23,18,95,1
1173,Female,56,130,74,4
1174,Female,46,99,32,0
1175,Female,54,83,66,3
1176,Male,58,23,65,1
1177,Male,33,32,64,1
1178,Male,18,108,35,0
1179,Female,20,24,78,1
1180,Female,22,23,97,1
1181,Male,45,32,19,2
1182,Male,35,17,63,1
1183,Male,68,64,58,3
1184,Female,46,29,24,2
1185,Female,35,114,91,4
1186,Female,23,82,87,4
1187,Female,56,45,42,3
1188,Male,61,117,61,4
1189,Female,54,39,16,2
1190,Female,51,97,16,0
1191,Female,58,85,35,0
1192,Female,44,55,43,3
1193,Male,39,124,36,0
1194,Female,60,132,7,0
1195,Female,23,53,50,3
1196,Male,67,135,37,0
1197,Male,60,109,86,4
1198,Male,30,103,91,4
1199,Female,66,21,22,2
1200,Male,36,136,36,0
1201,Male,19,131,75,4
1202,Male,37,80,95,4
1203,Female,23,18,89,1
1204,Male,59,30,78,1
1205,Female,44,110,20,0
1206,Female,53,27,72,1
1207,Male,22,69,53,3
1208,Female,68,97,60,4
1209,Female,64,71,58,3
1210,Female,27,114,35,0
1211,Female,39,128,94,4
1212,Female,47,72,46,3
1213,Male,54,94,31,0
1214,Male,38,125,29,0
1215,Female,60,30,62,1
1216,Male,50,101,66,4
1217,Female,24,109,60,4
1218,Male,44,17,90,1
1219,Female,39,124,85,4
1220,Male,39,104,80,4
1221,Female,52,34,9,2
1222,Male,58,52,42,3
1223,Female,24,29,15,2
1224,Female,19,25,8,2
1225,Female,40,58,44,3
1226,Male,51,116,16,0
1227,Male,29,34,29,2
1228,Male,49,89,74,4
1229,Female,58,59,48,3
1230,Male,69,137,23,0
1231,Male,22,102,24,0
1232,Female,62,59,49,3
1233,Male,42,86,20,0
1234,Female,54,63,49,3
1235,Female,19,97,5,0
1236,Male,56,133,23,0
1237,Male,56,52,60,3
1238,Male,57,66,44,3
1239,Male,58,24,33,2
1240,Male,55,68,44,3
1241,Male,36,68,53,3
1242,Male,30,40,94,1
1243,Female,51,97,70,4
1244,Female,70,131,23,0
1245,Female,69,29,9,2
1246,Male,66,36,85,1
1247,Female,23,80,21,0
1248,Male,47,66,48,3
1249,Female,70,48,47,3
1250,Female,19,136,95,4
1251,Female,57,35,64,1
1252,Female,62,65,53,3
1253,Male,26,16,24,2
1254,Female,25,22,39,2
1255,Male,42,103,39,0
1256,Female,55,28,66,1
1257,Female,57,97,7,0
1258,Female,31,108,20,0
1259,Female,24,62,60,3
1260,Female,21,97,17,0
1261,Male,70,85,18,0
1262,Male,21,52,44,3
1263,Male,22,93,97,4
1264,Male,70,25,69,1
1265,Male,35,19,94,1
1266,Female,69,18,61,1
1267,Male,18,70,47,3
1268,Female,19,23,63,1
1269,Male,65,113,12,0
1270,Male,48,129,28,0
1271,Male,46,94,62,4
1272,Female,47,16,35,2
1273,Female,45,30,33,2
1274,Male,23,64,44,3
1275,Male,26,64,60,3
1276,Female,42,113,78,4
1277,Female,50,107,66,4
1278,Male,59,126,73,4
1279,Female,46,28,81,1
1280,Female,43,126,11,0
1281,Female,45,66,48,3
1282,Female,27,84,10,0
1283,Male,23,86,28,0
1284,Male,53,33,26,2
1285,Male,44,72,53,3
1286,Male,36,99,82,4
1287,Male,54,93,69,4
1288,Female,32,26,28,2
1289,Male,66,63,47,3
1290,Female,53,119,95,4
1291,Male,56,45,45,3
1292,Female,62,74,50,3
1293,Female,18,19,96,1
1294,Female,22,38,61,1
1295,Male,65,93,84,4
1296,Female,47,50,51,3
1297,Female,64,69,58,3
1298,Male,21,20,63,1
1299,Male,35,122,32,0
1300,Female,56,106,22,0
