red_ratio,green_ratio,blue_ratio,texture_smoothness,density_est,food_label,calories_100g
0.628,0.204,0.141,0.367,0.847,Pizza,267.8
0.678,0.213,0.163,0.309,0.744,Pizza,266.1
0.505,0.23,0.197,0.463,0.744,Pizza,266.9
0.662,0.201,0.221,0.509,0.768,Pizza,262.6
0.691,0.25,0.114,0.329,0.869,Pizza,267.0
0.661,0.309,0.18,0.592,0.776,Pizza,266.5
0.666,0.293,0.229,0.473,0.841,Pizza,261.5
0.546,0.243,0.112,0.37,0.72,Pizza,263.8
0.627,0.255,0.156,0.363,0.753,Pizza,270.4
0.63,0.291,0.126,0.519,0.733,Pizza,264.8
0.698,0.296,0.184,0.505,0.869,Pizza,268.8
0.546,0.205,0.147,0.38,0.742,Pizza,270.4
0.675,0.247,0.198,0.419,0.883,Pizza,265.6
0.553,0.237,0.184,0.379,0.817,Pizza,270.0
0.58,0.233,0.25,0.453,0.718,Pizza,261.5
0.522,0.294,0.219,0.427,0.713,Pizza,264.8
0.699,0.279,0.246,0.558,0.702,Pizza,268.2
0.636,0.281,0.14,0.492,0.722,Pizza,265.3
0.591,0.343,0.231,0.379,0.8,Pizza,262.8
0.683,0.331,0.145,0.492,0.822,Pizza,262.5
0.653,0.281,0.217,0.459,0.7,Pizza,264.2
0.504,0.339,0.232,0.549,0.762,Pizza,261.6
0.676,0.342,0.113,0.446,0.714,Pizza,268.6
0.653,0.219,0.171,0.465,0.753,Pizza,269.7
0.585,0.232,0.181,0.519,0.74,Pizza,264.1
0.699,0.297,0.166,0.455,0.724,Pizza,263.2
0.568,0.288,0.135,0.366,0.714,Pizza,267.3
0.546,0.336,0.229,0.321,0.748,Pizza,267.7
0.543,0.22,0.24,0.471,0.795,Pizza,268.8
0.661,0.229,0.115,0.429,0.785,Pizza,265.7
0.646,0.301,0.248,0.33,0.781,Pizza,264.4
0.672,0.237,0.129,0.435,0.784,Pizza,263.8
0.55,0.338,0.166,0.558,0.81,Pizza,261.5
0.7,0.325,0.245,0.578,0.87,Pizza,262.7
0.597,0.232,0.16,0.318,0.776,Pizza,270.9
0.553,0.318,0.168,0.427,0.891,Pizza,271.0
0.611,0.308,0.123,0.389,0.894,Pizza,266.8
0.608,0.312,0.109,0.475,0.801,Pizza,269.5
0.531,0.344,0.112,0.356,0.819,Pizza,267.8
0.547,0.218,0.234,0.374,0.819,Pizza,267.2
0.584,0.288,0.178,0.58,0.741,Pizza,268.2
0.548,0.259,0.201,0.39,0.763,Pizza,268.5
0.515,0.269,0.25,0.599,0.715,Pizza,263.1
0.553,0.34,0.232,0.564,0.774,Pizza,262.6
0.667,0.306,0.192,0.596,0.831,Pizza,261.1
0.663,0.245,0.2,0.582,0.727,Pizza,262.2
0.521,0.283,0.141,0.481,0.844,Pizza,263.0
0.627,0.24,0.173,0.572,0.869,Pizza,261.9
0.585,0.242,0.101,0.531,0.827,Pizza,263.6
0.648,0.283,0.164,0.303,0.715,Pizza,269.8
0.681,0.282,0.225,0.475,0.73,Pizza,262.3
0.562,0.335,0.219,0.558,0.88,Pizza,263.1
0.55,0.215,0.217,0.565,0.781,Pizza,267.2
0.531,0.339,0.23,0.593,0.862,Pizza,269.8
0.505,0.31,0.15,0.579,0.86,Pizza,269.6
0.662,0.24,0.218,0.332,0.874,Pizza,269.6
0.544,0.322,0.169,0.392,0.859,Pizza,263.3
0.505,0.229,0.149,0.559,0.893,Pizza,263.8
0.628,0.26,0.247,0.461,0.888,Pizza,262.2
0.694,0.227,0.244,0.38,0.722,Pizza,265.3
0.646,0.247,0.191,0.453,0.777,Pizza,266.8
0.551,0.306,0.1,0.578,0.808,Pizza,268.2
0.648,0.301,0.155,0.321,0.833,Pizza,264.3
0.563,0.327,0.208,0.39,0.762,Pizza,265.1
0.58,0.244,0.119,0.426,0.888,Pizza,267.8
0.681,0.292,0.145,0.464,0.7,Pizza,263.9
0.586,0.287,0.198,0.439,0.788,Pizza,263.1
0.595,0.335,0.219,0.351,0.717,Pizza,266.2
0.627,0.25,0.223,0.525,0.835,Pizza,263.2
0.54,0.204,0.137,0.443,0.87,Pizza,261.7
0.583,0.294,0.129,0.509,0.799,Pizza,263.4
0.631,0.201,0.213,0.531,0.721,Pizza,265.3
0.535,0.344,0.178,0.315,0.75,Pizza,269.5
0.591,0.32,0.2,0.596,0.819,Pizza,270.5
0.678,0.292,0.208,0.451,0.866,Pizza,266.5
0.679,0.312,0.171,0.378,0.749,Pizza,267.4
0.653,0.278,0.194,0.382,0.715,Pizza,263.9
0.554,0.248,0.181,0.342,0.746,Pizza,267.9
0.641,0.21,0.161,0.463,0.783,Pizza,263.1
0.584,0.336,0.188,0.509,0.871,Pizza,268.7
0.576,0.201,0.153,0.526,0.871,Pizza,270.5
0.584,0.312,0.182,0.481,0.744,Pizza,263.2
0.587,0.204,0.15,0.504,0.781,Pizza,262.7
0.593,0.219,0.193,0.308,0.779,Pizza,266.6
0.505,0.296,0.12,0.439,0.71,Pizza,264.8
0.542,0.249,0.214,0.414,0.85,Pizza,269.3
0.55,0.212,0.103,0.462,0.9,Pizza,264.5
0.63,0.317,0.198,0.526,0.89,Pizza,263.0
0.504,0.223,0.119,0.501,0.813,Pizza,263.2
0.64,0.315,0.125,0.482,0.85,Pizza,262.1
0.664,0.345,0.116,0.308,0.762,Pizza,267.8
0.692,0.259,0.207,0.323,0.838,Pizza,267.3
0.52,0.316,0.228,0.48,0.724,Pizza,270.8
0.657,0.252,0.164,0.411,0.801,Pizza,264.4
0.67,0.323,0.116,0.588,0.827,Pizza,269.3
0.641,0.265,0.21,0.59,0.754,Pizza,269.1
0.608,0.273,0.165,0.519,0.754,Pizza,269.5
0.666,0.213,0.232,0.373,0.793,Pizza,267.1
0.576,0.204,0.228,0.355,0.742,Pizza,269.0
0.568,0.332,0.205,0.383,0.702,Pizza,270.5
0.517,0.308,0.173,0.527,0.838,Pizza,267.5
0.598,0.319,0.114,0.366,0.838,Pizza,264.1
0.616,0.271,0.18,0.428,0.849,Pizza,264.3
0.641,0.241,0.138,0.336,0.739,Pizza,262.2
0.607,0.314,0.128,0.365,0.797,Pizza,268.2
0.695,0.279,0.142,0.33,0.739,Pizza,263.3
0.536,0.202,0.18,0.382,0.895,Pizza,266.5
0.639,0.219,0.23,0.447,0.875,Pizza,266.7
0.594,0.266,0.128,0.315,0.888,Pizza,265.8
0.664,0.26,0.111,0.489,0.711,Pizza,262.5
0.613,0.246,0.249,0.336,0.853,Pizza,267.1
0.658,0.234,0.178,0.435,0.789,Pizza,269.6
0.698,0.246,0.193,0.483,0.848,Pizza,270.5
0.542,0.232,0.199,0.347,0.735,Pizza,261.8
0.501,0.268,0.189,0.387,0.746,Pizza,268.1
0.641,0.268,0.203,0.577,0.858,Pizza,267.3
0.632,0.34,0.164,0.463,0.83,Pizza,270.1
0.665,0.211,0.125,0.392,0.85,Pizza,266.7
0.558,0.219,0.203,0.51,0.889,Pizza,266.0
0.599,0.212,0.106,0.43,0.764,Pizza,263.5
0.518,0.344,0.225,0.473,0.89,Pizza,271.0
0.634,0.24,0.106,0.527,0.794,Pizza,267.5
0.683,0.227,0.188,0.49,0.798,Pizza,261.9
0.57,0.25,0.201,0.557,0.766,Pizza,267.9
0.558,0.342,0.222,0.465,0.791,Pizza,264.1
0.565,0.346,0.161,0.454,0.898,Pizza,267.6
0.609,0.262,0.128,0.409,0.851,Pizza,267.3
0.652,0.231,0.182,0.578,0.788,Pizza,268.0
0.524,0.346,0.191,0.372,0.732,Pizza,266.5
0.61,0.214,0.249,0.574,0.792,Pizza,262.2
0.666,0.275,0.207,0.453,0.755,Pizza,269.3
0.696,0.237,0.183,0.415,0.884,Pizza,266.1
0.676,0.33,0.141,0.537,0.783,Pizza,270.3
0.602,0.323,0.142,0.39,0.817,Pizza,271.0
0.598,0.222,0.181,0.404,0.81,Pizza,266.4
0.591,0.248,0.128,0.509,0.814,Pizza,263.3
0.655,0.207,0.212,0.512,0.862,Pizza,264.9
0.633,0.323,0.247,0.449,0.707,Pizza,266.0
0.618,0.33,0.231,0.432,0.805,Pizza,265.6
0.644,0.261,0.198,0.346,0.794,Pizza,270.7
0.568,0.304,0.197,0.556,0.87,Pizza,269.6
0.576,0.247,0.208,0.528,0.874,Pizza,261.4
0.514,0.295,0.238,0.599,0.849,Pizza,265.3
0.52,0.295,0.231,0.433,0.839,Pizza,270.0
0.509,0.319,0.144,0.412,0.729,Pizza,266.3
0.613,0.319,0.125,0.324,0.874,Pizza,267.2
0.548,0.337,0.121,0.438,0.751,Pizza,263.6
0.502,0.321,0.235,0.503,0.732,Pizza,265.4
0.569,0.288,0.196,0.427,0.75,Pizza,269.5
0.54,0.258,0.172,0.371,0.814,Pizza,266.7
0.699,0.244,0.247,0.497,0.755,Pizza,266.7
0.637,0.312,0.107,0.482,0.799,Pizza,270.0
0.557,0.32,0.191,0.406,0.827,Pizza,267.2
0.636,0.308,0.199,0.552,0.826,Pizza,270.0
0.629,0.246,0.166,0.474,0.846,Pizza,261.9
0.559,0.312,0.126,0.34,0.808,Pizza,270.7
0.606,0.337,0.225,0.377,0.865,Pizza,265.8
0.661,0.312,0.151,0.335,0.893,Pizza,262.4
0.693,0.329,0.209,0.594,0.893,Pizza,269.0
0.573,0.319,0.102,0.461,0.791,Pizza,267.7
0.634,0.288,0.223,0.582,0.722,Pizza,263.3
0.505,0.333,0.184,0.575,0.744,Pizza,261.6
0.665,0.336,0.145,0.422,0.728,Pizza,270.5
0.561,0.274,0.115,0.566,0.727,Pizza,265.5
0.634,0.311,0.242,0.426,0.848,Pizza,262.5
0.583,0.215,0.173,0.422,0.89,Pizza,261.3
0.574,0.267,0.243,0.557,0.72,Pizza,267.9
0.609,0.347,0.154,0.419,0.738,Pizza,262.2
0.67,0.268,0.199,0.493,0.819,Pizza,261.2
0.657,0.237,0.119,0.469,0.714,Pizza,268.7
0.541,0.232,0.23,0.399,0.73,Pizza,270.0
0.501,0.329,0.122,0.339,0.75,Pizza,262.7
0.632,0.204,0.102,0.537,0.748,Pizza,264.2
0.535,0.208,0.211,0.458,0.849,Pizza,265.8
0.656,0.277,0.116,0.451,0.889,Pizza,261.4
0.657,0.33,0.178,0.437,0.893,Pizza,261.6
0.596,0.26,0.203,0.447,0.882,Pizza,261.7
0.516,0.291,0.11,0.383,0.827,Pizza,266.5
0.565,0.349,0.18,0.436,0.821,Pizza,262.0
0.64,0.328,0.198,0.531,0.844,Pizza,263.2
0.59,0.234,0.151,0.436,0.783,Pizza,262.0
0.585,0.3,0.156,0.346,0.885,Pizza,261.7
0.666,0.214,0.114,0.522,0.862,Pizza,266.6
0.617,0.284,0.149,0.337,0.771,Pizza,267.7
0.65,0.33,0.208,0.591,0.82,Pizza,264.5
0.616,0.232,0.199,0.367,0.722,Pizza,269.5
0.574,0.314,0.186,0.542,0.869,Pizza,270.7
0.664,0.292,0.196,0.308,0.886,Pizza,269.3
0.553,0.227,0.205,0.393,0.768,Pizza,261.1
0.674,0.285,0.16,0.343,0.827,Pizza,261.3
0.649,0.232,0.163,0.402,0.774,Pizza,268.2
0.655,0.285,0.113,0.316,0.731,Pizza,267.2
0.635,0.241,0.199,0.446,0.788,Pizza,263.7
0.651,0.217,0.164,0.385,0.836,Pizza,265.9
0.633,0.207,0.159,0.48,0.702,Pizza,264.0
0.542,0.221,0.138,0.398,0.702,Pizza,268.5
0.535,0.257,0.206,0.45,0.867,Pizza,269.1
0.514,0.329,0.106,0.306,0.884,Pizza,269.6
0.615,0.286,0.206,0.425,0.723,Pizza,261.2
0.565,0.32,0.193,0.55,0.884,Pizza,261.9
0.277,0.611,0.188,0.257,0.379,Salad,43.1
0.201,0.633,0.125,0.253,0.323,Salad,45.1
0.286,0.637,0.209,0.346,0.463,Salad,42.4
0.172,0.599,0.19,0.328,0.431,Salad,41.8
0.266,0.674,0.213,0.328,0.39,Salad,49.2
0.235,0.709,0.194,0.359,0.425,Salad,41.5
0.16,0.661,0.145,0.182,0.311,Salad,45.1
0.197,0.663,0.109,0.35,0.315,Salad,48.6
0.278,0.704,0.176,0.239,0.411,Salad,47.9
0.284,0.662,0.221,0.296,0.364,Salad,44.8
0.173,0.565,0.116,0.37,0.369,Salad,47.1
0.226,0.593,0.137,0.231,0.388,Salad,45.2
0.174,0.643,0.142,0.223,0.368,Salad,46.0
0.268,0.712,0.11,0.128,0.436,Salad,42.8
0.259,0.714,0.236,0.362,0.367,Salad,45.8
0.171,0.637,0.245,0.31,0.378,Salad,46.0
0.291,0.627,0.157,0.337,0.463,Salad,46.7
0.274,0.735,0.203,0.258,0.429,Salad,44.2
0.204,0.641,0.127,0.164,0.49,Salad,44.9
0.184,0.584,0.112,0.353,0.32,Salad,47.7
0.275,0.771,0.106,0.201,0.453,Salad,41.3
0.207,0.591,0.225,0.331,0.462,Salad,41.7
0.216,0.653,0.201,0.171,0.389,Salad,42.8
0.262,0.662,0.18,0.193,0.462,Salad,44.7
0.275,0.642,0.242,0.395,0.392,Salad,42.8
0.207,0.682,0.245,0.345,0.46,Salad,41.4
0.188,0.71,0.231,0.266,0.321,Salad,48.5
0.278,0.621,0.214,0.182,0.481,Salad,41.5
0.216,0.787,0.133,0.235,0.37,Salad,40.3
0.158,0.676,0.135,0.398,0.375,Salad,40.3
0.29,0.76,0.197,0.337,0.328,Salad,42.9
0.274,0.724,0.121,0.312,0.39,Salad,40.1
0.162,0.614,0.225,0.265,0.445,Salad,45.3
0.167,0.622,0.145,0.114,0.384,Salad,47.9
0.219,0.578,0.236,0.279,0.303,Salad,45.2
0.186,0.586,0.164,0.284,0.348,Salad,44.2
0.25,0.571,0.246,0.12,0.405,Salad,45.1
0.298,0.689,0.159,0.241,0.427,Salad,49.8
0.188,0.554,0.218,0.203,0.447,Salad,46.3
0.266,0.734,0.15,0.113,0.409,Salad,48.1
0.176,0.745,0.17,0.309,0.426,Salad,48.1
0.159,0.744,0.169,0.188,0.309,Salad,42.0
0.156,0.783,0.177,0.397,0.409,Salad,42.5
0.263,0.598,0.154,0.334,0.473,Salad,43.3
0.169,0.642,0.233,0.323,0.479,Salad,43.9
0.296,0.674,0.175,0.377,0.404,Salad,48.0
0.259,0.57,0.19,0.347,0.409,Salad,43.2
0.162,0.715,0.146,0.281,0.385,Salad,46.9
0.203,0.561,0.231,0.206,0.5,Salad,42.7
0.297,0.787,0.111,0.291,0.373,Salad,48.0
0.252,0.788,0.121,0.282,0.456,Salad,40.3
0.16,0.745,0.155,0.215,0.413,Salad,46.1
0.252,0.787,0.156,0.329,0.415,Salad,45.3
0.21,0.712,0.137,0.134,0.447,Salad,45.0
0.208,0.69,0.139,0.178,0.389,Salad,50.0
0.193,0.779,0.174,0.137,0.471,Salad,44.5
0.285,0.661,0.113,0.305,0.469,Salad,43.2
0.202,0.566,0.181,0.367,0.47,Salad,47.1
0.289,0.709,0.219,0.253,0.324,Salad,42.0
0.171,0.748,0.104,0.266,0.374,Salad,48.0
0.233,0.703,0.113,0.193,0.5,Salad,47.2
0.229,0.742,0.224,0.122,0.494,Salad,46.4
0.217,0.72,0.152,0.363,0.456,Salad,46.4
0.177,0.792,0.165,0.373,0.311,Salad,41.2
0.173,0.591,0.148,0.313,0.369,Salad,49.4
0.284,0.761,0.138,0.291,0.41,Salad,41.3
0.195,0.683,0.175,0.151,0.488,Salad,41.5
0.249,0.73,0.191,0.353,0.413,Salad,48.3
0.154,0.561,0.196,0.273,0.43,Salad,47.7
0.212,0.71,0.175,0.288,0.358,Salad,49.6
0.222,0.751,0.203,0.189,0.315,Salad,40.6
0.216,0.671,0.131,0.282,0.363,Salad,47.2
0.26,0.765,0.246,0.139,0.374,Salad,45.6
0.198,0.667,0.14,0.174,0.319,Salad,42.9
0.208,0.704,0.137,0.36,0.332,Salad,43.3
0.237,0.628,0.214,0.249,0.403,Salad,45.0
0.196,0.556,0.242,0.252,0.493,Salad,42.2
0.203,0.563,0.174,0.365,0.431,Salad,44.7
0.231,0.762,0.165,0.365,0.446,Salad,47.6
0.205,0.65,0.186,0.158,0.411,Salad,40.7
0.226,0.741,0.142,0.397,0.436,Salad,41.2
0.296,0.648,0.219,0.202,0.488,Salad,47.5
0.18,0.677,0.175,0.114,0.327,Salad,43.3
0.221,0.664,0.191,0.255,0.366,Salad,46.1
0.174,0.798,0.211,0.19,0.367,Salad,48.3
0.23,0.727,0.145,0.345,0.374,Salad,46.7
0.297,0.696,0.22,0.318,0.438,Salad,40.3
0.221,0.792,0.217,0.333,0.416,Salad,47.2
0.238,0.593,0.194,0.286,0.468,Salad,41.5
0.252,0.558,0.242,0.133,0.304,Salad,43.1
0.173,0.723,0.162,0.332,0.484,Salad,48.7
0.26,0.566,0.121,0.162,0.365,Salad,46.6
0.229,0.628,0.126,0.374,0.368,Salad,43.5
0.266,0.73,0.196,0.308,0.422,Salad,41.9
0.187,0.69,0.134,0.392,0.36,Salad,42.9
0.181,0.726,0.148,0.205,0.487,Salad,48.0
0.191,0.58,0.201,0.214,0.496,Salad,48.2
0.293,0.751,0.144,0.186,0.443,Salad,43.5
0.216,0.614,0.172,0.161,0.408,Salad,49.3
0.254,0.584,0.192,0.276,0.348,Salad,46.7
0.23,0.709,0.108,0.224,0.443,Salad,41.0
0.266,0.551,0.183,0.379,0.381,Salad,49.4
0.282,0.669,0.13,0.389,0.364,Salad,46.5
0.286,0.572,0.186,0.261,0.445,Salad,49.4
0.287,0.594,0.232,0.153,0.484,Salad,50.0
0.21,0.674,0.24,0.389,0.485,Salad,48.8
0.151,0.692,0.116,0.395,0.357,Salad,49.9
0.231,0.673,0.241,0.355,0.394,Salad,41.9
0.167,0.591,0.169,0.177,0.337,Salad,47.4
0.269,0.692,0.214,0.153,0.471,Salad,49.0
0.274,0.679,0.113,0.301,0.337,Salad,41.4
0.199,0.612,0.139,0.171,0.451,Salad,49.5
0.195,0.731,0.102,0.296,0.439,Salad,40.6
0.168,0.627,0.161,0.251,0.479,Salad,47.0
0.197,0.579,0.237,0.189,0.423,Salad,42.2
0.17,0.588,0.212,0.282,0.383,Salad,45.5
0.221,0.684,0.2,0.166,0.349,Salad,47.5
0.281,0.57,0.167,0.311,0.316,Salad,45.6
0.159,0.687,0.176,0.272,0.33,Salad,43.3
0.228,0.579,0.131,0.275,0.318,Salad,45.1
0.271,0.663,0.177,0.237,0.312,Salad,44.6
0.271,0.731,0.159,0.345,0.449,Salad,45.8
0.157,0.636,0.11,0.398,0.487,Salad,40.7
0.29,0.558,0.161,0.331,0.453,Salad,49.8
0.247,0.655,0.249,0.215,0.474,Salad,49.1
0.206,0.721,0.199,0.262,0.431,Salad,43.5
0.177,0.684,0.179,0.318,0.345,Salad,40.0
0.153,0.625,0.201,0.263,0.406,Salad,48.2
0.187,0.637,0.141,0.381,0.445,Salad,41.1
0.271,0.655,0.215,0.365,0.303,Salad,42.1
0.165,0.558,0.19,0.311,0.31,Salad,47.4
0.21,0.609,0.133,0.359,0.311,Salad,45.0
0.193,0.754,0.21,0.196,0.42,Salad,46.7
0.198,0.625,0.121,0.298,0.344,Salad,43.0
0.159,0.787,0.232,0.373,0.425,Salad,44.3
0.224,0.793,0.241,0.301,0.457,Salad,43.2
0.212,0.587,0.156,0.326,0.395,Salad,48.5
0.195,0.727,0.221,0.374,0.412,Salad,49.7
0.234,0.584,0.136,0.161,0.429,Salad,49.2
0.277,0.573,0.209,0.157,0.354,Salad,46.7
0.24,0.768,0.128,0.329,0.445,Salad,45.6
0.222,0.767,0.15,0.387,0.303,Salad,49.4
0.294,0.579,0.25,0.244,0.349,Salad,46.0
0.181,0.779,0.183,0.333,0.376,Salad,45.3
0.204,0.615,0.177,0.249,0.32,Salad,49.8
0.22,0.76,0.237,0.211,0.383,Salad,45.6
0.183,0.586,0.139,0.38,0.416,Salad,44.2
0.173,0.632,0.157,0.35,0.4,Salad,46.5
0.253,0.614,0.223,0.39,0.428,Salad,44.9
0.175,0.749,0.125,0.316,0.398,Salad,49.2
0.231,0.71,0.109,0.11,0.469,Salad,49.5
0.25,0.741,0.162,0.353,0.346,Salad,47.1
0.151,0.676,0.156,0.285,0.433,Salad,46.2
0.222,0.672,0.101,0.265,0.302,Salad,45.3
0.191,0.794,0.103,0.344,0.435,Salad,48.1
0.286,0.577,0.114,0.145,0.338,Salad,45.3
0.272,0.617,0.16,0.212,0.381,Salad,45.7
0.299,0.606,0.203,0.354,0.431,Salad,48.6
0.264,0.573,0.157,0.266,0.311,Salad,40.1
0.176,0.675,0.165,0.335,0.413,Salad,48.6
0.164,0.682,0.106,0.163,0.474,Salad,48.9
0.221,0.562,0.111,0.378,0.48,Salad,45.6
0.155,0.782,0.147,0.388,0.417,Salad,47.5
0.257,0.65,0.112,0.149,0.348,Salad,48.3
0.208,0.774,0.15,0.327,0.328,Salad,49.9
0.259,0.675,0.246,0.116,0.387,Salad,48.4
0.201,0.742,0.243,0.219,0.455,Salad,40.3
0.191,0.798,0.174,0.207,0.488,Salad,44.3
0.252,0.715,0.113,0.286,0.46,Salad,47.1
0.162,0.589,0.207,0.29,0.448,Salad,43.2
0.166,0.551,0.146,0.208,0.354,Salad,41.3
0.178,0.662,0.183,0.222,0.305,Salad,43.5
0.164,0.7,0.149,0.216,0.358,Salad,43.9
0.163,0.775,0.236,0.393,0.414,Salad,41.7
0.207,0.585,0.145,0.248,0.313,Salad,44.3
0.213,0.671,0.112,0.176,0.349,Salad,46.3
0.239,0.599,0.116,0.191,0.49,Salad,43.3
0.243,0.751,0.149,0.2,0.463,Salad,48.6
0.296,0.584,0.148,0.384,0.34,Salad,43.1
0.295,0.792,0.144,0.308,0.398,Salad,45.8
0.186,0.644,0.222,0.218,0.323,Salad,45.6
0.239,0.686,0.202,0.265,0.491,Salad,44.6
0.256,0.66,0.144,0.308,0.464,Salad,48.0
0.211,0.675,0.195,0.173,0.432,Salad,47.2
0.268,0.568,0.249,0.244,0.38,Salad,45.1
0.288,0.723,0.182,0.337,0.372,Salad,49.0
0.231,0.71,0.113,0.331,0.432,Salad,43.6
0.247,0.561,0.248,0.303,0.38,Salad,47.5
0.295,0.658,0.102,0.178,0.402,Salad,45.2
0.237,0.694,0.167,0.217,0.454,Salad,45.9
0.225,0.636,0.104,0.131,0.383,Salad,49.6
0.167,0.785,0.121,0.194,0.391,Salad,42.1
0.222,0.669,0.166,0.309,0.364,Salad,43.0
0.272,0.579,0.227,0.294,0.435,Salad,41.6
0.298,0.611,0.126,0.148,0.412,Salad,49.6
0.185,0.651,0.128,0.292,0.386,Salad,40.3
0.242,0.599,0.189,0.217,0.441,Salad,42.1
0.263,0.752,0.109,0.131,0.474,Salad,41.9
0.199,0.664,0.139,0.359,0.406,Salad,46.4
0.24,0.703,0.188,0.204,0.469,Salad,46.2
0.563,0.356,0.195,0.584,0.817,Burger,291.3
0.424,0.296,0.177,0.608,0.902,Burger,294.2
0.428,0.308,0.178,0.591,0.939,Burger,296.5
0.6,0.333,0.223,0.442,0.863,Burger,294.5
0.411,0.304,0.151,0.441,0.963,Burger,299.6
0.501,0.324,0.253,0.525,0.968,Burger,294.9
0.417,0.255,0.264,0.488,0.855,Burger,295.4
0.434,0.319,0.261,0.63,0.91,Burger,291.1
0.423,0.366,0.273,0.51,0.965,Burger,290.4
0.544,0.332,0.298,0.431,0.966,Burger,297.5
0.46,0.4,0.217,0.505,0.963,Burger,294.4
0.599,0.366,0.186,0.643,0.918,Burger,293.5
0.542,0.345,0.175,0.442,0.841,Burger,292.1
0.412,0.303,0.192,0.562,0.865,Burger,297.0
0.458,0.29,0.279,0.696,0.936,Burger,291.0
0.593,0.368,0.288,0.698,0.973,Burger,291.3
0.573,0.287,0.257,0.649,0.952,Burger,296.8
0.498,0.337,0.19,0.524,0.89,Burger,296.3
0.576,0.264,0.227,0.483,0.987,Burger,293.7
0.59,0.299,0.15,0.632,0.947,Burger,297.3
0.492,0.35,0.204,0.419,0.907,Burger,292.2
0.486,0.282,0.19,0.649,0.868,Burger,295.8
0.513,0.323,0.202,0.605,0.81,Burger,291.0
0.557,0.319,0.169,0.657,0.888,Burger,290.0
0.592,0.28,0.253,0.44,0.93,Burger,291.6
0.587,0.291,0.248,0.475,0.874,Burger,299.0
0.433,0.309,0.196,0.61,0.847,Burger,296.6
0.541,0.25,0.222,0.44,0.845,Burger,296.8
0.402,0.354,0.273,0.696,0.884,Burger,291.3
0.414,0.307,0.26,0.431,0.863,Burger,298.8
0.427,0.366,0.263,0.44,0.999,Burger,291.4
0.506,0.251,0.248,0.532,0.944,Burger,296.3
0.43,0.312,0.253,0.658,0.817,Burger,291.0
0.55,0.338,0.208,0.689,0.863,Burger,291.4
0.455,0.263,0.233,0.58,0.922,Burger,297.8
0.538,0.377,0.249,0.49,0.904,Burger,295.1
0.55,0.294,0.158,0.669,0.991,Burger,294.9
0.423,0.325,0.239,0.558,0.996,Burger,299.9
0.587,0.27,0.279,0.571,0.873,Burger,296.8
0.553,0.393,0.266,0.405,0.814,Burger,292.6
0.408,0.259,0.268,0.552,0.926,Burger,295.0
0.483,0.355,0.162,0.561,0.923,Burger,292.8
0.462,0.327,0.18,0.642,0.907,Burger,293.9
0.527,0.375,0.252,0.42,0.94,Burger,297.3
0.569,0.259,0.163,0.53,0.891,Burger,296.1
0.462,0.361,0.261,0.436,0.942,Burger,297.0
0.433,0.393,0.228,0.635,0.944,Burger,291.7
0.425,0.367,0.19,0.666,0.954,Burger,290.3
0.561,0.291,0.16,0.614,0.915,Burger,290.8
0.491,0.304,0.225,0.57,0.874,Burger,292.6
0.421,0.336,0.258,0.469,0.902,Burger,290.4
0.573,0.287,0.221,0.515,0.83,Burger,299.3
0.571,0.333,0.287,0.622,0.884,Burger,293.2
0.483,0.358,0.191,0.423,0.875,Burger,295.0
0.58,0.277,0.271,0.694,0.991,Burger,290.7
0.493,0.292,0.277,0.498,0.911,Burger,290.1
0.44,0.335,0.196,0.587,0.893,Burger,295.9
0.499,0.366,0.179,0.67,0.952,Burger,292.5
0.401,0.312,0.185,0.504,0.968,Burger,298.8
0.59,0.25,0.249,0.655,0.945,Burger,291.0
0.506,0.286,0.224,0.418,0.999,Burger,297.1
0.419,0.388,0.285,0.556,0.94,Burger,293.7
0.595,0.263,0.164,0.44,0.964,Burger,290.7
0.514,0.315,0.295,0.471,0.852,Burger,293.2
0.56,0.355,0.26,0.495,0.854,Burger,290.7
0.441,0.367,0.238,0.447,0.833,Burger,294.7
0.481,0.33,0.295,0.462,0.862,Burger,292.7
0.424,0.274,0.253,0.648,0.939,Burger,290.4
0.567,0.299,0.164,0.474,0.871,Burger,295.1
0.535,0.289,0.299,0.409,0.881,Burger,294.5
0.55,0.287,0.219,0.641,0.828,Burger,290.1
0.566,0.397,0.17,0.647,0.874,Burger,296.3
0.529,0.337,0.189,0.644,0.804,Burger,290.6
0.58,0.317,0.169,0.672,0.966,Burger,293.3
0.409,0.319,0.175,0.572,0.964,Burger,293.9
0.406,0.352,0.176,0.464,0.837,Burger,292.8
0.577,0.255,0.243,0.474,0.859,Burger,294.1
0.51,0.259,0.192,0.441,0.84,Burger,298.8
0.505,0.345,0.27,0.638,0.998,Burger,297.8
0.472,0.332,0.223,0.674,0.9,Burger,293.9
0.436,0.298,0.183,0.669,0.956,Burger,290.6
0.598,0.329,0.265,0.7,0.995,Burger,291.0
0.531,0.29,0.272,0.675,0.811,Burger,300.0
0.444,0.377,0.27,0.506,0.968,Burger,298.5
0.435,0.339,0.271,0.609,0.983,Burger,290.3
0.54,0.392,0.235,0.569,0.838,Burger,299.9
0.576,0.324,0.196,0.547,0.818,Burger,292.3
0.444,0.329,0.15,0.675,0.84,Burger,291.3
0.543,0.388,0.277,0.497,0.804,Burger,295.9
0.583,0.366,0.277,0.658,0.992,Burger,293.7
0.588,0.309,0.165,0.491,0.827,Burger,291.6
0.59,0.369,0.294,0.595,0.835,Burger,299.7
0.539,0.389,0.268,0.467,0.918,Burger,291.8
0.461,0.353,0.169,0.619,0.99,Burger,299.5
0.478,0.399,0.295,0.41,0.92,Burger,299.2
0.594,0.283,0.235,0.681,0.828,Burger,297.5
0.448,0.397,0.175,0.666,0.818,Burger,297.1
0.528,0.383,0.217,0.48,0.85,Burger,290.7
0.451,0.266,0.15,0.516,0.947,Burger,299.7
0.577,0.324,0.207,0.564,0.82,Burger,294.8
0.573,0.348,0.253,0.449,0.815,Burger,298.5
0.459,0.298,0.293,0.422,0.834,Burger,293.8
0.546,0.332,0.285,0.428,0.919,Burger,296.1
0.497,0.255,0.291,0.449,0.978,Burger,291.6
0.42,0.281,0.178,0.609,0.944,Burger,297.3
0.453,0.292,0.186,0.415,0.914,Burger,298.4
0.431,0.304,0.214,0.488,0.932,Burger,296.0
0.44,0.254,0.176,0.488,0.816,Burger,298.4
0.462,0.31,0.223,0.598,0.818,Burger,295.4
0.437,0.383,0.205,0.534,0.853,Burger,294.7
0.445,0.29,0.159,0.626,0.933,Burger,290.9
0.469,0.331,0.296,0.577,0.911,Burger,298.4
0.564,0.313,0.23,0.66,0.895,Burger,298.8
0.495,0.262,0.285,0.614,0.9,Burger,299.0
0.56,0.352,0.243,0.436,0.951,Burger,291.7
0.597,0.396,0.271,0.438,0.885,Burger,299.9
0.487,0.4,0.244,0.65,0.852,Burger,299.1
0.583,0.26,0.208,0.519,0.865,Burger,292.8
0.492,0.381,0.268,0.587,0.905,Burger,294.2
0.483,0.272,0.238,0.628,0.988,Burger,299.2
0.513,0.265,0.193,0.561,0.869,Burger,294.1
0.477,0.323,0.241,0.411,0.855,Burger,291.4
0.522,0.354,0.156,0.667,0.866,Burger,292.4
0.549,0.388,0.285,0.406,0.963,Burger,293.0
0.456,0.324,0.254,0.429,0.974,Burger,291.3
0.595,0.316,0.274,0.481,0.883,Burger,296.5
0.438,0.282,0.274,0.622,0.952,Burger,298.7
0.564,0.327,0.174,0.493,0.901,Burger,291.4
0.57,0.382,0.154,0.458,0.967,Burger,298.4
0.45,0.318,0.288,0.611,0.855,Burger,298.2
0.501,0.345,0.169,0.409,0.874,Burger,295.9
0.436,0.381,0.238,0.505,0.833,Burger,298.9
0.55,0.353,0.193,0.516,0.833,Burger,295.7
0.593,0.379,0.247,0.603,0.854,Burger,294.1
0.404,0.367,0.265,0.403,0.982,Burger,296.5
0.52,0.251,0.188,0.642,0.861,Burger,299.7
0.529,0.314,0.206,0.505,0.85,Burger,294.7
0.535,0.374,0.21,0.431,0.902,Burger,296.6
0.569,0.306,0.247,0.583,0.86,Burger,291.1
0.413,0.398,0.246,0.658,0.852,Burger,297.1
0.578,0.295,0.172,0.63,0.98,Burger,298.1
0.56,0.34,0.249,0.604,0.944,Burger,296.6
0.599,0.289,0.213,0.516,0.807,Burger,297.1
0.514,0.278,0.259,0.467,0.907,Burger,297.8
0.581,0.351,0.226,0.654,0.968,Burger,298.8
0.436,0.265,0.169,0.478,0.962,Burger,297.6
0.437,0.352,0.2,0.427,0.871,Burger,297.4
0.461,0.368,0.2,0.478,0.859,Burger,298.5
0.494,0.38,0.238,0.683,0.814,Burger,298.9
0.5,0.38,0.207,0.49,0.811,Burger,298.5
0.427,0.28,0.211,0.571,0.981,Burger,294.6
0.463,0.357,0.267,0.546,0.926,Burger,291.8
0.527,0.251,0.191,0.628,0.834,Burger,297.6
0.498,0.365,0.163,0.584,0.927,Burger,294.0
0.593,0.307,0.156,0.46,0.875,Burger,290.1
0.464,0.375,0.179,0.603,0.925,Burger,292.5
0.539,0.302,0.169,0.515,0.918,Burger,291.7
0.565,0.295,0.194,0.618,0.919,Burger,293.4
0.578,0.399,0.201,0.67,0.872,Burger,291.9
0.59,0.388,0.211,0.469,0.945,Burger,291.3
0.547,0.338,0.175,0.51,0.93,Burger,290.4
0.575,0.288,0.23,0.415,0.999,Burger,296.6
0.531,0.253,0.253,0.525,0.876,Burger,295.5
0.495,0.273,0.254,0.589,0.86,Burger,296.6
0.532,0.29,0.241,0.441,0.966,Burger,291.0
0.544,0.268,0.167,0.432,0.84,Burger,292.0
0.453,0.328,0.18,0.611,0.859,Burger,290.4
0.499,0.281,0.29,0.499,0.801,Burger,296.7
0.581,0.375,0.25,0.445,0.818,Burger,295.1
0.545,0.265,0.188,0.469,0.998,Burger,293.0
0.493,0.265,0.176,0.412,0.858,Burger,298.0
0.463,0.361,0.164,0.627,0.809,Burger,298.5
0.533,0.276,0.204,0.531,0.924,Burger,298.8
0.419,0.372,0.177,0.52,0.992,Burger,292.7
0.477,0.378,0.27,0.595,0.959,Burger,291.1
0.539,0.259,0.291,0.448,0.883,Burger,295.9
0.56,0.352,0.177,0.514,0.872,Burger,290.3
0.537,0.376,0.296,0.439,0.984,Burger,291.1
0.482,0.257,0.189,0.494,0.941,Burger,296.8
0.554,0.336,0.235,0.693,0.934,Burger,293.4
0.505,0.355,0.164,0.599,0.85,Burger,293.5
0.535,0.308,0.276,0.568,0.998,Burger,290.5
0.529,0.274,0.277,0.656,0.974,Burger,290.7
0.498,0.286,0.296,0.415,0.845,Burger,296.4
0.481,0.285,0.219,0.64,0.89,Burger,298.6
0.489,0.268,0.225,0.596,0.821,Burger,294.1
0.511,0.25,0.164,0.581,0.924,Burger,293.0
0.502,0.281,0.251,0.685,0.873,Burger,290.5
0.445,0.318,0.234,0.586,0.895,Burger,296.6
0.543,0.267,0.264,0.467,0.868,Burger,298.3
0.593,0.294,0.228,0.611,0.809,Burger,291.6
0.428,0.358,0.258,0.432,0.922,Burger,291.9
0.586,0.309,0.219,0.634,0.943,Burger,291.1
0.483,0.389,0.276,0.577,0.954,Burger,294.5
0.532,0.393,0.17,0.55,0.906,Burger,290.5
0.587,0.376,0.222,0.552,0.984,Burger,291.8
0.516,0.36,0.169,0.516,0.92,Burger,298.8
0.501,0.308,0.297,0.675,0.952,Burger,292.7
0.593,0.396,0.218,0.44,0.883,Burger,297.0
0.55,0.295,0.255,0.658,0.942,Burger,299.4
0.327,0.34,0.425,0.687,0.669,Sushi,141.7
0.396,0.43,0.492,0.751,0.739,Sushi,138.2
0.223,0.37,0.396,0.771,0.733,Sushi,139.2
0.35,0.468,0.357,0.854,0.762,Sushi,140.2
0.205,0.329,0.434,0.66,0.75,Sushi,136.6
0.257,0.35,0.468,0.807,0.659,Sushi,142.5
0.206,0.463,0.32,0.86,0.748,Sushi,143.6
0.348,0.412,0.348,0.835,0.76,Sushi,137.9
0.333,0.485,0.378,0.887,0.795,Sushi,138.1
0.31,0.303,0.35,0.786,0.756,Sushi,143.7
0.366,0.482,0.441,0.794,0.751,Sushi,140.5
0.321,0.455,0.493,0.688,0.635,Sushi,141.8
0.237,0.335,0.403,0.713,0.686,Sushi,140.6
0.226,0.417,0.351,0.699,0.742,Sushi,136.5
0.231,0.365,0.31,0.88,0.723,Sushi,141.6
0.298,0.415,0.372,0.835,0.664,Sushi,137.2
0.237,0.314,0.401,0.725,0.707,Sushi,135.9
0.244,0.343,0.366,0.708,0.644,Sushi,142.5
0.306,0.499,0.465,0.894,0.602,Sushi,141.7
0.289,0.481,0.423,0.786,0.792,Sushi,141.8
0.264,0.483,0.489,0.716,0.708,Sushi,137.8
0.382,0.464,0.375,0.841,0.689,Sushi,135.4
0.38,0.339,0.403,0.884,0.633,Sushi,144.6
0.308,0.301,0.313,0.801,0.755,Sushi,143.6
0.285,0.321,0.408,0.811,0.795,Sushi,142.8
0.329,0.488,0.449,0.646,0.692,Sushi,138.3
0.218,0.311,0.459,0.767,0.715,Sushi,137.3
0.252,0.378,0.426,0.73,0.603,Sushi,141.7
0.307,0.428,0.424,0.827,0.717,Sushi,142.0
0.215,0.486,0.321,0.836,0.66,Sushi,135.9
0.353,0.388,0.379,0.798,0.695,Sushi,140.3
0.227,0.378,0.459,0.764,0.792,Sushi,136.4
0.335,0.483,0.459,0.819,0.675,Sushi,144.5
0.311,0.411,0.325,0.602,0.719,Sushi,140.4
0.389,0.361,0.45,0.871,0.669,Sushi,139.1
0.329,0.403,0.332,0.666,0.767,Sushi,136.9
0.236,0.46,0.47,0.855,0.786,Sushi,144.9
0.292,0.41,0.358,0.62,0.62,Sushi,142.3
0.297,0.366,0.326,0.797,0.62,Sushi,141.2
0.38,0.364,0.39,0.785,0.661,Sushi,140.8
0.313,0.373,0.363,0.728,0.601,Sushi,137.5
0.244,0.448,0.387,0.852,0.627,Sushi,142.3
0.376,0.393,0.372,0.692,0.71,Sushi,136.8
0.321,0.468,0.472,0.642,0.708,Sushi,137.6
0.377,0.315,0.315,0.606,0.701,Sushi,135.3
0.316,0.381,0.418,0.872,0.71,Sushi,140.4
0.4,0.394,0.455,0.71,0.645,Sushi,142.7
0.347,0.358,0.393,0.753,0.679,Sushi,140.0
0.333,0.47,0.461,0.784,0.633,Sushi,140.1
0.289,0.336,0.49,0.798,0.794,Sushi,142.4
0.297,0.372,0.344,0.746,0.613,Sushi,138.7
0.209,0.341,0.482,0.708,0.694,Sushi,139.5
0.209,0.496,0.365,0.811,0.704,Sushi,143.3
0.367,0.353,0.409,0.652,0.731,Sushi,138.7
0.331,0.467,0.403,0.713,0.781,Sushi,140.2
0.271,0.474,0.397,0.745,0.721,Sushi,140.0
0.228,0.333,0.315,0.793,0.642,Sushi,136.9
0.272,0.443,0.324,0.669,0.762,Sushi,142.2
0.296,0.396,0.342,0.648,0.767,Sushi,135.2
0.209,0.415,0.332,0.789,0.608,Sushi,140.7
0.211,0.352,0.336,0.887,0.72,Sushi,140.6
0.204,0.444,0.432,0.685,0.617,Sushi,139.5
0.399,0.473,0.334,0.849,0.72,Sushi,142.9
0.364,0.336,0.432,0.679,0.745,Sushi,138.4
0.291,0.418,0.346,0.716,0.622,Sushi,137.0
0.372,0.401,0.384,0.645,0.619,Sushi,139.8
0.323,0.308,0.457,0.751,0.624,Sushi,139.8
0.226,0.421,0.466,0.869,0.755,Sushi,141.5
0.304,0.374,0.309,0.759,0.646,Sushi,143.0
0.358,0.376,0.418,0.822,0.752,Sushi,142.0
0.22,0.327,0.395,0.67,0.772,Sushi,137.8
0.375,0.382,0.338,0.813,0.758,Sushi,140.8
0.224,0.301,0.431,0.806,0.663,Sushi,138.6
0.231,0.43,0.351,0.856,0.685,Sushi,138.7
0.255,0.436,0.451,0.724,0.757,Sushi,139.8
0.274,0.411,0.351,0.692,0.669,Sushi,142.1
0.347,0.471,0.432,0.824,0.689,Sushi,142.0
0.232,0.343,0.38,0.702,0.71,Sushi,142.0
0.341,0.332,0.493,0.602,0.618,Sushi,136.5
0.385,0.387,0.313,0.667,0.616,Sushi,135.4
0.277,0.497,0.423,0.756,0.742,Sushi,141.0
0.389,0.464,0.428,0.732,0.64,Sushi,141.6
0.361,0.357,0.307,0.78,0.703,Sushi,137.3
0.234,0.307,0.348,0.6,0.631,Sushi,145.0
0.356,0.371,0.379,0.776,0.704,Sushi,142.4
0.214,0.318,0.357,0.849,0.783,Sushi,138.5
0.393,0.355,0.421,0.658,0.786,Sushi,140.7
0.252,0.381,0.321,0.622,0.659,Sushi,144.5
0.361,0.491,0.475,0.844,0.715,Sushi,141.9
0.393,0.413,0.454,0.827,0.792,Sushi,139.6
0.292,0.417,0.305,0.635,0.614,Sushi,141.3
0.399,0.435,0.346,0.695,0.791,Sushi,140.2
0.202,0.466,0.35,0.628,0.735,Sushi,143.2
0.215,0.486,0.395,0.706,0.779,Sushi,137.7
0.389,0.437,0.482,0.75,0.64,Sushi,142.4
0.375,0.341,0.341,0.675,0.724,Sushi,136.6
0.221,0.484,0.435,0.799,0.723,Sushi,142.6
0.308,0.308,0.396,0.786,0.698,Sushi,144.9
0.379,0.474,0.398,0.895,0.783,Sushi,137.8
0.244,0.415,0.311,0.84,0.696,Sushi,140.4
0.3,0.379,0.437,0.652,0.795,Sushi,142.0
0.292,0.438,0.302,0.663,0.716,Sushi,138.3
0.323,0.352,0.41,0.671,0.694,Sushi,141.1
0.273,0.4,0.342,0.81,0.674,Sushi,143.5
0.256,0.336,0.326,0.773,0.646,Sushi,136.0
0.254,0.347,0.386,0.714,0.629,Sushi,144.6
0.23,0.461,0.335,0.75,0.799,Sushi,143.5
0.303,0.444,0.457,0.69,0.712,Sushi,140.7
0.28,0.438,0.312,0.844,0.695,Sushi,141.3
0.29,0.367,0.372,0.768,0.786,Sushi,137.6
0.204,0.324,0.473,0.889,0.64,Sushi,140.8
0.33,0.335,0.456,0.707,0.735,Sushi,139.9
0.347,0.478,0.376,0.686,0.726,Sushi,136.4
0.234,0.462,0.367,0.789,0.714,Sushi,143.5
0.214,0.332,0.346,0.695,0.658,Sushi,137.7
0.329,0.354,0.389,0.859,0.673,Sushi,140.9
0.393,0.383,0.337,0.607,0.746,Sushi,141.6
0.388,0.44,0.316,0.65,0.621,Sushi,135.6
0.376,0.41,0.305,0.719,0.753,Sushi,135.8
0.252,0.331,0.431,0.866,0.662,Sushi,137.5
0.257,0.425,0.326,0.852,0.606,Sushi,141.6
0.372,0.365,0.395,0.892,0.708,Sushi,137.7
0.289,0.494,0.44,0.653,0.72,Sushi,141.3
0.327,0.413,0.405,0.792,0.662,Sushi,138.5
0.308,0.461,0.388,0.71,0.652,Sushi,138.0
0.2,0.463,0.47,0.703,0.694,Sushi,135.1
0.384,0.489,0.395,0.603,0.686,Sushi,137.9
0.246,0.301,0.375,0.724,0.712,Sushi,138.9
0.233,0.447,0.378,0.714,0.653,Sushi,139.2
0.248,0.453,0.482,0.842,0.737,Sushi,137.8
0.349,0.462,0.383,0.856,0.636,Sushi,137.9
0.327,0.424,0.354,0.787,0.638,Sushi,135.2
0.21,0.407,0.337,0.631,0.654,Sushi,142.2
0.345,0.347,0.33,0.748,0.668,Sushi,138.1
0.36,0.5,0.393,0.837,0.666,Sushi,143.4
0.39,0.311,0.455,0.621,0.694,Sushi,136.9
0.368,0.463,0.466,0.637,0.754,Sushi,137.5
0.354,0.389,0.448,0.61,0.692,Sushi,142.7
0.304,0.496,0.395,0.804,0.662,Sushi,138.2
0.326,0.308,0.487,0.756,0.651,Sushi,141.4
0.24,0.478,0.473,0.665,0.623,Sushi,141.3
0.265,0.333,0.355,0.636,0.758,Sushi,135.1
0.208,0.457,0.395,0.779,0.674,Sushi,135.9
0.232,0.318,0.424,0.879,0.799,Sushi,141.3
0.212,0.429,0.44,0.837,0.625,Sushi,137.3
0.396,0.458,0.451,0.842,0.688,Sushi,136.9
0.338,0.372,0.327,0.87,0.697,Sushi,139.4
0.259,0.439,0.338,0.656,0.67,Sushi,142.3
0.255,0.466,0.483,0.766,0.614,Sushi,136.6
0.259,0.353,0.373,0.6,0.728,Sushi,138.8
0.237,0.304,0.471,0.833,0.648,Sushi,142.2
0.332,0.408,0.377,0.757,0.7,Sushi,140.5
0.323,0.365,0.428,0.633,0.705,Sushi,135.7
0.367,0.326,0.475,0.661,0.697,Sushi,136.0
0.314,0.467,0.432,0.758,0.74,Sushi,137.6
0.273,0.421,0.314,0.879,0.642,Sushi,139.9
0.378,0.316,0.46,0.618,0.712,Sushi,144.4
0.283,0.374,0.442,0.847,0.653,Sushi,135.4
0.214,0.361,0.489,0.888,0.619,Sushi,142.3
0.306,0.338,0.405,0.675,0.725,Sushi,136.8
0.35,0.383,0.321,0.792,0.672,Sushi,139.6
0.333,0.477,0.333,0.654,0.68,Sushi,138.4
0.232,0.5,0.389,0.706,0.663,Sushi,144.9
0.265,0.374,0.453,0.729,0.745,Sushi,141.1
0.313,0.343,0.453,0.878,0.651,Sushi,144.6
0.289,0.379,0.445,0.895,0.719,Sushi,140.2
0.399,0.36,0.36,0.667,0.771,Sushi,135.2
0.364,0.438,0.355,0.766,0.711,Sushi,144.3
0.231,0.308,0.371,0.642,0.673,Sushi,140.8
0.247,0.462,0.318,0.72,0.784,Sushi,142.3
0.345,0.459,0.335,0.848,0.738,Sushi,140.8
0.382,0.419,0.36,0.819,0.715,Sushi,135.8
0.211,0.454,0.37,0.845,0.683,Sushi,143.7
0.374,0.345,0.431,0.781,0.602,Sushi,142.8
0.276,0.361,0.308,0.762,0.63,Sushi,140.0
0.244,0.31,0.446,0.718,0.689,Sushi,141.0
0.301,0.344,0.358,0.718,0.626,Sushi,135.8
0.314,0.31,0.38,0.626,0.7,Sushi,142.7
0.226,0.327,0.412,0.746,0.73,Sushi,137.0
0.323,0.447,0.349,0.621,0.755,Sushi,138.2
0.385,0.318,0.434,0.727,0.67,Sushi,138.2
0.319,0.305,0.361,0.896,0.723,Sushi,144.9
0.288,0.329,0.309,0.845,0.64,Sushi,138.7
0.352,0.471,0.322,0.616,0.79,Sushi,144.3
0.374,0.464,0.303,0.808,0.622,Sushi,139.5
0.205,0.342,0.408,0.661,0.705,Sushi,137.6
0.297,0.446,0.328,0.81,0.604,Sushi,140.8
0.333,0.309,0.334,0.685,0.758,Sushi,141.2
0.211,0.431,0.302,0.717,0.654,Sushi,143.5
0.332,0.473,0.304,0.86,0.73,Sushi,137.3
0.276,0.495,0.32,0.695,0.773,Sushi,140.3
0.237,0.4,0.392,0.878,0.604,Sushi,137.5
0.306,0.367,0.379,0.647,0.669,Sushi,138.5
0.325,0.347,0.496,0.75,0.762,Sushi,141.3
0.376,0.478,0.463,0.609,0.711,Sushi,137.8
0.23,0.479,0.431,0.626,0.676,Sushi,144.6
0.322,0.425,0.345,0.672,0.631,Sushi,144.7
0.382,0.366,0.408,0.662,0.628,Sushi,140.4
0.36,0.473,0.362,0.812,0.705,Sushi,136.4
0.399,0.495,0.329,0.88,0.783,Sushi,138.2
0.711,0.69,0.124,0.779,0.82,Pasta,160.3
0.753,0.676,0.183,0.803,0.711,Pasta,162.3
0.779,0.687,0.155,0.895,0.627,Pasta,154.8
0.752,0.622,0.153,0.842,0.658,Pasta,155.3
0.737,0.572,0.238,0.819,0.726,Pasta,159.0
0.742,0.575,0.27,0.823,0.634,Pasta,154.9
0.606,0.653,0.103,0.767,0.703,Pasta,160.4
0.798,0.652,0.113,0.932,0.846,Pasta,161.7
0.698,0.565,0.192,0.762,0.701,Pasta,153.4
0.747,0.576,0.163,0.853,0.786,Pasta,158.9
0.705,0.675,0.257,0.83,0.713,Pasta,161.3
0.608,0.699,0.204,0.799,0.784,Pasta,158.6
0.703,0.626,0.11,0.773,0.7,Pasta,156.0
0.766,0.592,0.184,0.853,0.614,Pasta,158.2
0.628,0.666,0.19,0.881,0.628,Pasta,160.8
0.788,0.639,0.127,0.803,0.713,Pasta,154.8
0.718,0.643,0.14,0.814,0.663,Pasta,159.9
0.781,0.659,0.244,0.731,0.629,Pasta,157.5
0.673,0.605,0.177,0.898,0.728,Pasta,162.5
0.676,0.576,0.254,0.928,0.741,Pasta,159.6
0.63,0.674,0.136,0.878,0.705,Pasta,156.1
0.754,0.589,0.225,0.729,0.633,Pasta,155.0
0.725,0.551,0.192,0.914,0.736,Pasta,153.1
0.777,0.548,0.218,0.819,0.703,Pasta,153.8
0.72,0.549,0.209,0.855,0.739,Pasta,161.3
0.61,0.53,0.231,0.709,0.813,Pasta,159.7
0.768,0.56,0.284,0.712,0.704,Pasta,154.8
0.734,0.622,0.238,0.849,0.797,Pasta,154.8
0.691,0.616,0.286,0.723,0.675,Pasta,156.7
0.676,0.514,0.185,0.838,0.673,Pasta,154.3
0.739,0.555,0.205,0.831,0.774,Pasta,159.1
0.622,0.646,0.226,0.947,0.721,Pasta,159.9
0.787,0.697,0.157,0.852,0.679,Pasta,158.3
0.799,0.571,0.126,0.841,0.73,Pasta,159.3
0.699,0.536,0.222,0.877,0.845,Pasta,153.0
0.605,0.625,0.124,0.912,0.8,Pasta,163.0
0.683,0.567,0.212,0.859,0.603,Pasta,155.0
0.656,0.658,0.162,0.827,0.681,Pasta,153.1
0.737,0.568,0.245,0.854,0.607,Pasta,154.8
0.666,0.568,0.234,0.929,0.799,Pasta,159.5
0.696,0.625,0.278,0.834,0.684,Pasta,160.8
0.683,0.649,0.267,0.775,0.781,Pasta,156.2
0.707,0.542,0.237,0.9,0.822,Pasta,156.5
0.794,0.556,0.106,0.946,0.757,Pasta,161.4
0.714,0.578,0.219,0.916,0.788,Pasta,160.1
0.663,0.506,0.183,0.824,0.659,Pasta,157.5
0.79,0.543,0.16,0.728,0.796,Pasta,160.8
0.783,0.589,0.105,0.821,0.725,Pasta,154.9
0.785,0.646,0.205,0.894,0.636,Pasta,161.7
0.764,0.688,0.235,0.733,0.781,Pasta,157.6
0.743,0.604,0.101,0.933,0.772,Pasta,158.9
0.617,0.593,0.109,0.83,0.765,Pasta,156.1
0.716,0.562,0.278,0.78,0.648,Pasta,155.8
0.664,0.588,0.124,0.737,0.668,Pasta,153.2
0.725,0.603,0.141,0.788,0.68,Pasta,154.4
0.741,0.557,0.149,0.718,0.753,Pasta,156.4
0.689,0.526,0.194,0.869,0.626,Pasta,153.5
0.685,0.536,0.219,0.848,0.809,Pasta,160.0
0.723,0.562,0.263,0.878,0.768,Pasta,158.3
0.795,0.651,0.193,0.733,0.803,Pasta,162.2
0.694,0.591,0.237,0.878,0.716,Pasta,155.3
0.645,0.672,0.223,0.928,0.698,Pasta,160.0
0.733,0.658,0.276,0.813,0.608,Pasta,157.8
0.67,0.592,0.134,0.892,0.751,Pasta,154.3
0.621,0.664,0.259,0.781,0.762,Pasta,160.9
0.707,0.58,0.183,0.855,0.737,Pasta,162.7
0.677,0.568,0.263,0.848,0.796,Pasta,157.4
0.757,0.609,0.147,0.866,0.619,Pasta,162.3
0.715,0.597,0.218,0.816,0.739,Pasta,161.2
0.635,0.691,0.114,0.727,0.804,Pasta,160.7
0.676,0.599,0.232,0.723,0.804,Pasta,161.9
0.781,0.627,0.1,0.737,0.637,Pasta,158.3
0.678,0.616,0.139,0.87,0.679,Pasta,158.7
0.783,0.561,0.289,0.809,0.846,Pasta,156.4
0.618,0.502,0.297,0.801,0.632,Pasta,155.9
0.674,0.61,0.111,0.876,0.805,Pasta,156.6
0.772,0.673,0.147,0.876,0.699,Pasta,156.2
0.677,0.576,0.209,0.866,0.719,Pasta,154.9
0.677,0.685,0.268,0.739,0.849,Pasta,159.7
0.627,0.514,0.103,0.88,0.722,Pasta,157.4
0.798,0.517,0.228,0.804,0.714,Pasta,160.9
0.721,0.585,0.136,0.827,0.738,Pasta,157.5
0.671,0.537,0.221,0.844,0.812,Pasta,155.4
0.7,0.582,0.209,0.792,0.845,Pasta,158.7
0.741,0.523,0.196,0.873,0.636,Pasta,160.3
0.797,0.697,0.256,0.816,0.62,Pasta,161.9
0.618,0.594,0.248,0.94,0.62,Pasta,159.3
0.76,0.562,0.111,0.786,0.795,Pasta,157.7
0.703,0.594,0.247,0.805,0.84,Pasta,161.0
0.658,0.507,0.285,0.887,0.782,Pasta,158.6
0.612,0.595,0.134,0.713,0.848,Pasta,161.1
0.725,0.557,0.117,0.826,0.813,Pasta,155.8
0.627,0.556,0.272,0.704,0.628,Pasta,154.7
0.718,0.53,0.189,0.902,0.665,Pasta,160.0
0.697,0.66,0.272,0.786,0.621,Pasta,154.5
0.787,0.531,0.199,0.948,0.793,Pasta,155.4
0.688,0.628,0.142,0.884,0.686,Pasta,159.4
0.751,0.523,0.134,0.8,0.675,Pasta,160.5
0.75,0.607,0.176,0.876,0.719,Pasta,154.5
0.774,0.502,0.285,0.812,0.77,Pasta,162.6
0.737,0.508,0.284,0.859,0.839,Pasta,157.3
0.784,0.672,0.167,0.767,0.625,Pasta,159.5
0.678,0.655,0.25,0.884,0.747,Pasta,154.9
0.667,0.638,0.136,0.837,0.768,Pasta,161.3
0.602,0.52,0.121,0.811,0.655,Pasta,155.8
0.639,0.505,0.118,0.935,0.764,Pasta,161.4
0.79,0.628,0.242,0.73,0.814,Pasta,154.3
0.731,0.68,0.213,0.942,0.824,Pasta,160.0
0.651,0.593,0.287,0.86,0.831,Pasta,155.8
0.685,0.681,0.254,0.781,0.64,Pasta,153.7
0.755,0.577,0.167,0.715,0.839,Pasta,155.6
0.688,0.598,0.286,0.853,0.645,Pasta,157.9
0.629,0.654,0.144,0.861,0.828,Pasta,160.2
0.621,0.515,0.214,0.763,0.711,Pasta,162.0
0.63,0.628,0.287,0.866,0.667,Pasta,160.0
0.781,0.615,0.203,0.935,0.723,Pasta,157.4
0.769,0.656,0.257,0.835,0.601,Pasta,162.5
0.764,0.596,0.213,0.934,0.69,Pasta,159.8
0.68,0.626,0.292,0.723,0.734,Pasta,162.6
0.616,0.592,0.253,0.862,0.644,Pasta,153.4
0.677,0.538,0.239,0.924,0.758,Pasta,156.6
0.617,0.627,0.247,0.735,0.648,Pasta,160.2
0.719,0.598,0.113,0.835,0.677,Pasta,158.3
0.767,0.59,0.299,0.709,0.614,Pasta,160.9
0.609,0.524,0.261,0.867,0.715,Pasta,159.8
0.775,0.53,0.216,0.931,0.609,Pasta,154.4
0.731,0.594,0.284,0.711,0.775,Pasta,154.3
0.634,0.51,0.161,0.898,0.714,Pasta,154.7
0.718,0.664,0.121,0.824,0.8,Pasta,155.2
0.761,0.585,0.262,0.946,0.77,Pasta,156.2
0.795,0.615,0.127,0.909,0.798,Pasta,160.6
0.719,0.567,0.124,0.735,0.704,Pasta,160.0
0.711,0.588,0.285,0.71,0.625,Pasta,161.5
0.722,0.656,0.103,0.822,0.602,Pasta,154.8
0.618,0.63,0.277,0.804,0.802,Pasta,160.7
0.738,0.541,0.228,0.831,0.703,Pasta,162.4
0.722,0.508,0.136,0.825,0.838,Pasta,159.3
0.757,0.57,0.101,0.759,0.629,Pasta,158.3
0.619,0.572,0.252,0.835,0.655,Pasta,160.7
0.732,0.555,0.139,0.899,0.771,Pasta,162.7
0.695,0.535,0.234,0.711,0.761,Pasta,155.9
0.687,0.567,0.261,0.89,0.611,Pasta,160.4
0.785,0.535,0.257,0.821,0.629,Pasta,162.0
0.744,0.619,0.165,0.75,0.769,Pasta,156.3
0.756,0.565,0.12,0.884,0.817,Pasta,156.8
0.644,0.594,0.197,0.923,0.636,Pasta,162.3
0.691,0.577,0.127,0.88,0.758,Pasta,162.8
0.64,0.525,0.238,0.715,0.634,Pasta,161.5
0.692,0.534,0.169,0.922,0.751,Pasta,160.9
0.728,0.622,0.134,0.943,0.814,Pasta,153.9
0.771,0.598,0.299,0.848,0.809,Pasta,155.8
0.746,0.647,0.149,0.782,0.745,Pasta,161.9
0.718,0.53,0.215,0.701,0.845,Pasta,153.4
0.694,0.654,0.107,0.833,0.72,Pasta,161.0
0.764,0.59,0.148,0.84,0.603,Pasta,160.3
0.79,0.527,0.159,0.862,0.623,Pasta,157.8
0.661,0.641,0.272,0.887,0.606,Pasta,157.5
0.754,0.675,0.181,0.897,0.693,Pasta,157.6
0.727,0.672,0.114,0.923,0.683,Pasta,153.3
0.685,0.554,0.289,0.836,0.799,Pasta,160.9
0.616,0.676,0.247,0.714,0.836,Pasta,159.7
0.778,0.522,0.173,0.855,0.691,Pasta,154.8
0.712,0.513,0.242,0.751,0.845,Pasta,155.4
0.623,0.596,0.288,0.845,0.84,Pasta,155.1
0.749,0.545,0.171,0.767,0.77,Pasta,155.8
0.613,0.569,0.197,0.832,0.631,Pasta,160.1
0.736,0.607,0.158,0.855,0.8,Pasta,162.5
0.762,0.688,0.113,0.923,0.714,Pasta,153.8
0.78,0.558,0.291,0.727,0.669,Pasta,160.0
0.699,0.675,0.204,0.857,0.673,Pasta,162.7
0.708,0.526,0.169,0.811,0.761,Pasta,155.9
0.613,0.674,0.146,0.937,0.761,Pasta,157.1
0.669,0.629,0.165,0.848,0.774,Pasta,161.4
0.689,0.561,0.126,0.897,0.643,Pasta,155.6
0.697,0.694,0.254,0.712,0.688,Pasta,157.6
0.633,0.685,0.242,0.771,0.843,Pasta,161.4
0.739,0.633,0.131,0.759,0.61,Pasta,156.2
0.625,0.552,0.137,0.841,0.609,Pasta,156.2
0.669,0.575,0.208,0.741,0.675,Pasta,162.2
0.681,0.6,0.129,0.815,0.68,Pasta,153.0
0.748,0.695,0.166,0.876,0.718,Pasta,155.9
0.789,0.696,0.215,0.737,0.741,Pasta,162.1
0.688,0.638,0.246,0.925,0.635,Pasta,158.5
0.662,0.58,0.268,0.811,0.623,Pasta,153.6
0.728,0.617,0.144,0.934,0.669,Pasta,153.2
0.708,0.589,0.234,0.722,0.728,Pasta,154.9
0.664,0.621,0.289,0.927,0.69,Pasta,154.5
0.771,0.574,0.175,0.771,0.688,Pasta,162.8
0.775,0.518,0.246,0.811,0.848,Pasta,161.0
0.658,0.661,0.294,0.806,0.824,Pasta,154.4
0.717,0.517,0.142,0.819,0.817,Pasta,162.9
0.613,0.692,0.251,0.722,0.702,Pasta,162.1
0.683,0.611,0.242,0.889,0.634,Pasta,154.9
0.676,0.611,0.108,0.907,0.809,Pasta,156.0
0.712,0.593,0.105,0.701,0.666,Pasta,162.6
0.767,0.595,0.231,0.923,0.704,Pasta,157.9
0.738,0.549,0.124,0.769,0.849,Pasta,153.7
0.749,0.616,0.213,0.917,0.757,Pasta,157.8
0.739,0.524,0.203,0.844,0.811,Pasta,154.6
0.612,0.564,0.276,0.734,0.641,Pasta,155.7
0.805,0.282,0.153,0.888,0.506,Apple,56.4
0.828,0.253,0.127,0.862,0.551,Apple,52.4
0.918,0.265,0.203,0.889,0.537,Apple,53.9
0.724,0.216,0.223,0.852,0.504,Apple,50.7
0.821,0.168,0.237,0.863,0.431,Apple,49.2
0.747,0.279,0.192,0.958,0.505,Apple,52.3
0.838,0.251,0.117,0.91,0.415,Apple,55.2
0.931,0.196,0.147,0.897,0.563,Apple,55.9
0.849,0.253,0.151,0.942,0.406,Apple,55.1
0.756,0.271,0.121,0.879,0.425,Apple,48.3
0.72,0.238,0.218,0.86,0.555,Apple,54.6
0.711,0.122,0.219,0.917,0.412,Apple,48.2
0.763,0.113,0.2,0.948,0.556,Apple,56.2
0.751,0.28,0.128,0.896,0.418,Apple,55.5
0.935,0.29,0.152,0.871,0.5,Apple,54.3
0.76,0.214,0.115,0.925,0.403,Apple,49.2
0.748,0.156,0.235,0.92,0.595,Apple,48.0
0.754,0.201,0.206,0.898,0.518,Apple,51.4
0.939,0.136,0.153,0.899,0.443,Apple,49.3
0.728,0.297,0.119,0.864,0.427,Apple,54.6
0.876,0.211,0.106,0.893,0.423,Apple,49.8
0.85,0.162,0.246,0.908,0.511,Apple,49.9
0.914,0.138,0.11,0.959,0.495,Apple,53.8
0.745,0.3,0.174,0.864,0.488,Apple,53.6
0.721,0.129,0.16,0.927,0.42,Apple,56.3
0.944,0.113,0.246,0.894,0.519,Apple,56.9
0.731,0.268,0.209,0.886,0.543,Apple,52.8
0.768,0.258,0.197,0.902,0.495,Apple,53.0
0.801,0.197,0.142,0.95,0.422,Apple,49.5
0.824,0.226,0.12,0.863,0.411,Apple,47.7
0.87,0.294,0.157,0.938,0.431,Apple,53.2
0.724,0.115,0.213,0.95,0.559,Apple,49.0
0.866,0.198,0.139,0.895,0.572,Apple,52.5
0.938,0.106,0.165,0.969,0.477,Apple,50.1
0.794,0.192,0.105,0.922,0.572,Apple,50.0
0.877,0.198,0.12,0.943,0.497,Apple,48.1
0.869,0.232,0.203,0.924,0.495,Apple,55.5
0.827,0.178,0.174,0.976,0.523,Apple,50.5
0.944,0.164,0.104,0.856,0.567,Apple,50.5
0.886,0.105,0.234,0.894,0.419,Apple,50.5
0.789,0.17,0.199,0.882,0.53,Apple,52.9
0.928,0.113,0.146,0.894,0.404,Apple,50.3
0.815,0.273,0.185,0.967,0.453,Apple,54.0
0.847,0.297,0.157,0.901,0.515,Apple,55.1
0.725,0.235,0.15,0.915,0.553,Apple,50.4
0.854,0.173,0.165,0.915,0.569,Apple,54.9
0.91,0.207,0.143,0.856,0.599,Apple,51.0
0.756,0.249,0.114,0.96,0.419,Apple,50.4
0.717,0.26,0.171,0.877,0.559,Apple,53.5
0.775,0.261,0.165,0.92,0.44,Apple,51.0
0.856,0.191,0.215,0.873,0.404,Apple,54.0
0.916,0.215,0.132,0.975,0.548,Apple,51.7
0.934,0.207,0.192,0.95,0.487,Apple,52.7
0.857,0.204,0.155,0.869,0.43,Apple,53.9
0.775,0.187,0.148,0.958,0.413,Apple,49.0
0.803,0.265,0.197,0.883,0.52,Apple,51.1
0.728,0.138,0.137,0.958,0.493,Apple,52.6
0.809,0.229,0.106,0.871,0.427,Apple,49.6
0.901,0.232,0.126,0.961,0.593,Apple,51.9
0.705,0.272,0.113,0.928,0.573,Apple,56.0
0.802,0.173,0.199,0.862,0.589,Apple,54.2
0.735,0.122,0.21,0.971,0.504,Apple,55.3
0.937,0.286,0.138,0.965,0.448,Apple,48.2
0.902,0.166,0.188,0.901,0.55,Apple,49.4
0.806,0.129,0.126,0.976,0.488,Apple,49.5
0.847,0.198,0.156,0.973,0.463,Apple,51.2
0.871,0.293,0.232,0.972,0.473,Apple,54.2
0.905,0.104,0.245,0.929,0.568,Apple,53.6
0.935,0.238,0.218,0.881,0.511,Apple,50.1
0.94,0.173,0.222,0.866,0.573,Apple,55.6
0.797,0.282,0.159,0.977,0.451,Apple,47.9
0.906,0.147,0.132,0.966,0.583,Apple,53.3
0.92,0.253,0.161,0.854,0.573,Apple,55.2
0.935,0.194,0.162,0.959,0.543,Apple,55.8
0.905,0.265,0.205,0.916,0.47,Apple,53.0
0.903,0.248,0.168,0.854,0.41,Apple,53.4
0.858,0.258,0.12,0.902,0.526,Apple,50.1
0.721,0.132,0.177,0.976,0.566,Apple,54.6
0.912,0.237,0.219,0.892,0.496,Apple,54.4
0.765,0.237,0.224,0.954,0.44,Apple,51.1
0.745,0.275,0.242,0.965,0.445,Apple,56.5
0.931,0.229,0.194,0.968,0.595,Apple,49.0
0.875,0.134,0.16,0.906,0.452,Apple,47.9
0.792,0.289,0.118,0.943,0.487,Apple,56.2
0.813,0.235,0.118,0.943,0.438,Apple,55.6
0.896,0.158,0.174,0.867,0.571,Apple,53.0
0.949,0.157,0.202,0.904,0.482,Apple,48.5
0.773,0.152,0.193,0.968,0.474,Apple,53.8
0.815,0.102,0.12,0.892,0.539,Apple,53.9
0.878,0.242,0.21,0.883,0.419,Apple,47.6
0.783,0.147,0.236,0.98,0.588,Apple,56.7
0.85,0.25,0.107,0.883,0.524,Apple,50.0
0.799,0.174,0.245,0.923,0.516,Apple,49.6
0.826,0.286,0.232,0.867,0.463,Apple,52.3
0.735,0.123,0.107,0.867,0.574,Apple,55.3
0.887,0.285,0.142,0.964,0.523,Apple,54.6
0.766,0.163,0.234,0.891,0.599,Apple,54.6
0.738,0.271,0.199,0.954,0.411,Apple,48.5
0.757,0.107,0.139,0.942,0.487,Apple,57.0
0.932,0.108,0.153,0.942,0.497,Apple,51.9
0.911,0.273,0.119,0.862,0.574,Apple,48.8
0.742,0.202,0.141,0.966,0.517,Apple,52.8
0.943,0.205,0.186,0.904,0.415,Apple,54.7
0.869,0.277,0.104,0.939,0.536,Apple,50.9
0.848,0.29,0.226,0.87,0.416,Apple,55.3
0.865,0.191,0.243,0.927,0.401,Apple,56.7
0.864,0.29,0.149,0.945,0.547,Apple,56.6
0.842,0.142,0.107,0.934,0.465,Apple,47.6
0.718,0.29,0.157,0.902,0.436,Apple,56.7
0.916,0.118,0.228,0.871,0.556,Apple,49.8
0.888,0.231,0.118,0.914,0.486,Apple,55.1
0.778,0.237,0.12,0.937,0.566,Apple,52.1
0.822,0.277,0.171,0.923,0.485,Apple,54.6
0.903,0.223,0.165,0.905,0.408,Apple,50.4
0.816,0.145,0.203,0.87,0.499,Apple,53.3
0.831,0.158,0.166,0.968,0.496,Apple,48.5
0.732,0.281,0.226,0.918,0.459,Apple,47.5
0.719,0.109,0.116,0.905,0.419,Apple,53.6
0.842,0.151,0.138,0.861,0.501,Apple,48.1
0.865,0.136,0.127,0.901,0.417,Apple,55.8
0.774,0.217,0.168,0.937,0.525,Apple,49.7
0.942,0.274,0.128,0.874,0.549,Apple,53.0
0.918,0.121,0.18,0.851,0.423,Apple,48.7
0.819,0.238,0.23,0.976,0.52,Apple,51.9
0.855,0.295,0.154,0.938,0.538,Apple,50.9
0.776,0.125,0.102,0.865,0.403,Apple,56.7
0.915,0.142,0.197,0.934,0.487,Apple,53.3
0.898,0.138,0.145,0.91,0.495,Apple,47.2
0.742,0.13,0.205,0.975,0.494,Apple,55.6
0.846,0.14,0.185,0.958,0.41,Apple,47.1
0.858,0.243,0.247,0.96,0.547,Apple,53.0
0.839,0.158,0.173,0.913,0.518,Apple,53.1
0.87,0.263,0.173,0.943,0.506,Apple,51.2
0.779,0.113,0.234,0.904,0.495,Apple,51.9
0.935,0.169,0.205,0.853,0.458,Apple,48.9
0.786,0.146,0.133,0.968,0.468,Apple,53.0
0.911,0.231,0.12,0.888,0.542,Apple,56.6
0.908,0.235,0.21,0.953,0.56,Apple,55.4
0.855,0.156,0.212,0.937,0.426,Apple,49.0
0.851,0.12,0.162,0.979,0.461,Apple,49.1
0.712,0.104,0.232,0.896,0.432,Apple,55.3
0.924,0.106,0.11,0.906,0.524,Apple,48.2
0.756,0.152,0.151,0.896,0.409,Apple,55.8
0.767,0.13,0.204,0.917,0.534,Apple,54.1
0.932,0.188,0.169,0.959,0.422,Apple,48.1
0.853,0.256,0.242,0.957,0.408,Apple,48.1
0.857,0.274,0.237,0.87,0.458,Apple,51.4
0.826,0.247,0.115,0.934,0.467,Apple,48.4
0.912,0.188,0.162,0.95,0.449,Apple,55.1
0.785,0.201,0.113,0.898,0.551,Apple,50.6
0.866,0.13,0.213,0.905,0.446,Apple,55.0
0.803,0.182,0.169,0.961,0.559,Apple,50.6
0.707,0.129,0.101,0.955,0.589,Apple,47.8
0.779,0.296,0.125,0.858,0.552,Apple,53.6
0.86,0.281,0.109,0.932,0.543,Apple,53.6
0.83,0.159,0.16,0.939,0.511,Apple,50.0
0.886,0.282,0.101,0.886,0.506,Apple,56.2
0.875,0.189,0.131,0.921,0.558,Apple,53.5
0.874,0.278,0.217,0.903,0.439,Apple,50.0
0.709,0.167,0.209,0.946,0.425,Apple,56.9
0.771,0.119,0.183,0.918,0.551,Apple,48.6
0.707,0.259,0.189,0.881,0.555,Apple,54.3
0.947,0.122,0.109,0.898,0.525,Apple,50.5
0.712,0.23,0.119,0.889,0.547,Apple,51.5
0.946,0.261,0.248,0.924,0.579,Apple,53.3
0.833,0.219,0.153,0.887,0.557,Apple,54.1
0.868,0.243,0.178,0.882,0.466,Apple,52.8
0.906,0.172,0.115,0.943,0.566,Apple,47.8
0.716,0.278,0.171,0.908,0.474,Apple,52.3
0.847,0.204,0.159,0.884,0.5,Apple,51.2
0.81,0.286,0.173,0.977,0.565,Apple,48.4
0.732,0.242,0.119,0.942,0.573,Apple,48.2
0.753,0.195,0.212,0.973,0.474,Apple,56.5
0.85,0.182,0.118,0.924,0.408,Apple,48.5
0.793,0.298,0.145,0.913,0.558,Apple,48.4
0.847,0.11,0.234,0.966,0.443,Apple,55.2
0.822,0.124,0.152,0.963,0.484,Apple,52.7
0.841,0.28,0.217,0.912,0.544,Apple,53.1
0.89,0.201,0.169,0.908,0.49,Apple,55.7
0.781,0.26,0.2,0.903,0.447,Apple,51.0
0.835,0.292,0.234,0.946,0.529,Apple,55.7
0.877,0.214,0.219,0.942,0.512,Apple,48.2
0.84,0.138,0.193,0.925,0.411,Apple,52.7
0.747,0.195,0.235,0.866,0.587,Apple,48.8
0.705,0.257,0.137,0.942,0.578,Apple,51.4
0.902,0.221,0.16,0.856,0.572,Apple,47.2
0.809,0.183,0.229,0.891,0.451,Apple,48.1
0.725,0.134,0.122,0.883,0.418,Apple,50.1
0.802,0.134,0.192,0.892,0.405,Apple,47.6
0.797,0.164,0.162,0.892,0.475,Apple,55.3
0.73,0.141,0.213,0.926,0.499,Apple,54.5
0.796,0.123,0.109,0.91,0.481,Apple,51.8
0.802,0.147,0.233,0.885,0.593,Apple,53.8
0.762,0.211,0.218,0.89,0.481,Apple,47.8
0.859,0.141,0.245,0.899,0.597,Apple,54.8
0.834,0.185,0.237,0.909,0.4,Apple,51.6
0.907,0.158,0.246,0.85,0.587,Apple,51.8
0.849,0.268,0.157,0.896,0.526,Apple,52.9
0.828,0.109,0.211,0.923,0.46,Apple,51.0
0.731,0.128,0.183,0.886,0.486,Apple,53.1
0.541,0.148,0.202,0.303,0.915,Steak,273.5
0.441,0.137,0.247,0.302,0.965,Steak,272.0
0.353,0.204,0.197,0.201,0.969,Steak,275.0
0.485,0.162,0.234,0.411,1.041,Steak,271.4
0.507,0.197,0.112,0.209,1.058,Steak,272.7
0.484,0.153,0.222,0.448,0.939,Steak,267.8
0.504,0.205,0.101,0.339,1.084,Steak,270.4
0.394,0.103,0.142,0.476,0.939,Steak,266.9
0.473,0.145,0.208,0.27,0.973,Steak,269.6
0.406,0.236,0.206,0.263,0.899,Steak,274.2
0.429,0.23,0.185,0.348,0.988,Steak,272.6
0.463,0.202,0.185,0.22,0.882,Steak,266.7
0.402,0.185,0.134,0.357,1.046,Steak,267.9
0.486,0.249,0.204,0.36,0.913,Steak,271.6
0.441,0.241,0.196,0.483,0.863,Steak,275.4
0.437,0.249,0.141,0.404,0.967,Steak,269.6
0.502,0.233,0.134,0.283,0.955,Steak,270.5
0.351,0.129,0.112,0.372,0.856,Steak,273.4
0.546,0.164,0.111,0.275,0.891,Steak,269.1
0.475,0.115,0.172,0.442,0.998,Steak,272.3
0.417,0.138,0.116,0.272,0.935,Steak,266.5
0.417,0.219,0.242,0.433,1.005,Steak,273.6
0.475,0.187,0.113,0.218,0.858,Steak,269.1
0.52,0.11,0.119,0.476,0.96,Steak,269.0
0.475,0.11,0.202,0.368,0.924,Steak,269.8
0.369,0.213,0.135,0.38,1.015,Steak,266.1
0.427,0.219,0.232,0.386,0.935,Steak,275.4
0.507,0.168,0.149,0.258,0.876,Steak,272.0
0.364,0.218,0.129,0.372,1.009,Steak,268.6
0.434,0.209,0.167,0.273,1.049,Steak,266.6
0.412,0.165,0.244,0.426,0.928,Steak,274.9
0.505,0.122,0.146,0.303,0.942,Steak,266.1
0.467,0.202,0.109,0.352,1.059,Steak,274.6
0.434,0.129,0.13,0.473,1.046,Steak,269.4
0.484,0.204,0.247,0.38,0.933,Steak,271.8
0.543,0.192,0.163,0.249,0.964,Steak,273.9
0.358,0.133,0.101,0.267,0.908,Steak,272.2
0.398,0.21,0.243,0.299,1.035,Steak,268.1
0.387,0.248,0.154,0.222,0.858,Steak,267.2
0.408,0.129,0.188,0.43,0.861,Steak,266.3
0.39,0.126,0.233,0.416,0.935,Steak,271.5
0.386,0.103,0.226,0.473,0.855,Steak,272.8
0.426,0.218,0.117,0.481,0.926,Steak,268.4
0.512,0.199,0.241,0.493,1.099,Steak,274.8
0.526,0.11,0.122,0.477,1.049,Steak,267.9
0.426,0.156,0.19,0.493,0.911,Steak,266.5
0.473,0.128,0.18,0.437,0.932,Steak,266.5
0.509,0.231,0.228,0.491,1.071,Steak,268.1
0.366,0.171,0.2,0.219,0.977,Steak,273.5
0.479,0.176,0.175,0.339,0.93,Steak,269.7
0.489,0.207,0.174,0.281,0.95,Steak,275.2
0.467,0.105,0.133,0.261,1.066,Steak,270.0
0.411,0.233,0.186,0.481,0.944,Steak,271.5
0.377,0.113,0.167,0.305,0.996,Steak,270.7
0.474,0.164,0.17,0.323,1.051,Steak,269.2
0.426,0.127,0.135,0.394,0.94,Steak,266.8
0.519,0.177,0.197,0.436,1.082,Steak,267.0
0.364,0.106,0.13,0.259,0.932,Steak,269.0
0.513,0.203,0.141,0.412,1.099,Steak,276.0
0.5,0.211,0.237,0.203,0.925,Steak,274.2
0.507,0.161,0.161,0.374,1.014,Steak,270.7
0.453,0.214,0.122,0.319,0.907,Steak,273.5
0.445,0.177,0.218,0.427,1.031,Steak,270.6
0.508,0.147,0.128,0.431,1.024,Steak,268.1
0.44,0.184,0.156,0.373,0.882,Steak,275.4
0.352,0.222,0.225,0.302,0.955,Steak,272.9
0.431,0.217,0.181,0.298,0.856,Steak,273.9
0.534,0.123,0.243,0.299,1.007,Steak,272.0
0.472,0.23,0.247,0.261,0.948,Steak,271.3
0.388,0.116,0.185,0.335,1.074,Steak,266.9
0.371,0.183,0.105,0.407,0.972,Steak,267.9
0.364,0.244,0.143,0.27,1.015,Steak,266.7
0.361,0.178,0.126,0.458,0.953,Steak,267.6
0.372,0.18,0.172,0.221,1.089,Steak,274.7
0.376,0.131,0.165,0.413,0.969,Steak,272.0
0.538,0.188,0.175,0.405,0.919,Steak,266.1
0.379,0.11,0.16,0.442,0.981,Steak,275.1
0.526,0.169,0.186,0.421,0.922,Steak,274.8
0.441,0.205,0.207,0.289,1.003,Steak,274.1
0.385,0.137,0.235,0.42,0.964,Steak,275.1
0.387,0.185,0.159,0.484,0.91,Steak,274.7
0.405,0.194,0.144,0.475,1.025,Steak,273.2
0.393,0.174,0.249,0.366,1.099,Steak,266.8
0.371,0.215,0.149,0.335,0.913,Steak,271.1
0.442,0.111,0.204,0.425,0.945,Steak,273.5
0.521,0.16,0.102,0.234,1.079,Steak,269.3
0.5,0.173,0.11,0.365,0.911,Steak,275.5
0.378,0.223,0.226,0.251,0.855,Steak,267.0
0.409,0.18,0.159,0.223,1.041,Steak,272.8
0.381,0.154,0.133,0.21,1.019,Steak,268.2
0.489,0.225,0.222,0.392,1.029,Steak,275.0
0.428,0.146,0.108,0.201,1.043,Steak,273.7
0.536,0.156,0.136,0.227,0.955,Steak,275.9
0.417,0.129,0.2,0.266,1.071,Steak,274.0
0.516,0.125,0.125,0.325,0.877,Steak,269.3
0.462,0.128,0.131,0.363,1.085,Steak,267.2
0.393,0.153,0.126,0.321,0.929,Steak,269.9
0.442,0.11,0.222,0.395,0.942,Steak,266.7
0.394,0.145,0.19,0.495,0.875,Steak,271.4
0.548,0.228,0.126,0.488,1.0,Steak,275.8
0.489,0.202,0.246,0.408,0.933,Steak,272.4
0.527,0.148,0.228,0.345,0.934,Steak,272.1
0.467,0.157,0.196,0.27,0.997,Steak,275.9
0.397,0.192,0.235,0.293,1.034,Steak,273.6
0.474,0.109,0.156,0.289,0.888,Steak,268.0
0.358,0.239,0.19,0.484,1.035,Steak,269.3
0.406,0.197,0.214,0.356,1.094,Steak,272.5
0.408,0.104,0.227,0.299,0.911,Steak,271.4
0.531,0.2,0.137,0.406,1.03,Steak,272.1
0.426,0.148,0.166,0.202,1.067,Steak,266.7
0.388,0.195,0.121,0.261,0.873,Steak,271.9
0.516,0.24,0.135,0.223,1.031,Steak,269.1
0.494,0.137,0.126,0.275,0.921,Steak,270.5
0.477,0.141,0.217,0.224,1.093,Steak,270.0
0.384,0.166,0.176,0.42,1.04,Steak,274.2
0.509,0.103,0.157,0.456,1.04,Steak,275.2
0.469,0.123,0.209,0.277,0.966,Steak,270.5
0.425,0.191,0.111,0.241,0.967,Steak,267.5
0.388,0.102,0.175,0.418,0.973,Steak,275.3
0.538,0.246,0.156,0.347,1.01,Steak,271.9
0.432,0.106,0.238,0.315,0.991,Steak,267.9
0.437,0.138,0.237,0.417,0.977,Steak,270.9
0.488,0.204,0.198,0.478,1.034,Steak,268.4
0.357,0.222,0.195,0.403,1.024,Steak,272.5
0.402,0.168,0.202,0.276,1.001,Steak,275.5
0.518,0.102,0.216,0.393,1.079,Steak,270.0
0.467,0.235,0.178,0.257,0.956,Steak,274.3
0.401,0.145,0.245,0.398,0.946,Steak,269.1
0.432,0.231,0.209,0.227,1.009,Steak,273.8
0.419,0.121,0.212,0.479,0.949,Steak,269.1
0.547,0.222,0.1,0.221,1.024,Steak,271.2
0.481,0.21,0.126,0.312,1.026,Steak,268.0
0.386,0.242,0.168,0.444,0.896,Steak,266.6
0.387,0.214,0.139,0.471,0.952,Steak,272.3
0.475,0.23,0.125,0.288,0.944,Steak,268.8
0.418,0.188,0.172,0.402,0.875,Steak,266.6
0.5,0.101,0.187,0.496,0.874,Steak,271.2
0.351,0.19,0.248,0.428,1.083,Steak,270.7
0.417,0.164,0.156,0.467,1.1,Steak,274.2
0.538,0.2,0.157,0.217,0.939,Steak,269.3
0.37,0.169,0.205,0.418,1.072,Steak,267.4
0.47,0.23,0.142,0.41,1.054,Steak,269.7
0.474,0.199,0.171,0.324,0.897,Steak,275.9
0.542,0.222,0.102,0.308,0.861,Steak,274.1
0.415,0.167,0.191,0.32,1.003,Steak,266.8
0.436,0.24,0.24,0.496,1.064,Steak,275.1
0.497,0.144,0.129,0.243,0.98,Steak,271.7
0.521,0.176,0.119,0.439,0.925,Steak,272.7
0.46,0.231,0.125,0.334,0.879,Steak,272.6
0.398,0.132,0.213,0.398,0.872,Steak,270.3
0.493,0.124,0.239,0.471,1.042,Steak,268.2
0.402,0.171,0.235,0.237,0.884,Steak,271.3
0.495,0.114,0.204,0.462,1.083,Steak,273.7
0.47,0.197,0.157,0.415,1.034,Steak,269.8
0.478,0.184,0.228,0.443,0.906,Steak,267.2
0.368,0.113,0.211,0.481,1.036,Steak,267.2
0.424,0.228,0.243,0.373,0.85,Steak,266.6
0.457,0.227,0.247,0.296,0.941,Steak,272.8
0.509,0.178,0.19,0.267,0.949,Steak,271.4
0.442,0.122,0.241,0.451,0.975,Steak,270.6
0.47,0.122,0.2,0.44,1.026,Steak,272.0
0.412,0.249,0.119,0.499,1.027,Steak,270.8
0.516,0.174,0.206,0.313,1.095,Steak,269.3
0.516,0.132,0.21,0.443,1.025,Steak,266.5
0.523,0.127,0.173,0.318,1.096,Steak,272.6
0.52,0.249,0.182,0.301,1.019,Steak,275.9
0.502,0.159,0.179,0.285,1.024,Steak,268.0
0.521,0.159,0.12,0.426,0.995,Steak,274.1
0.52,0.206,0.169,0.249,0.884,Steak,273.0
0.408,0.122,0.133,0.425,1.034,Steak,266.1
0.495,0.186,0.202,0.497,0.887,Steak,275.5
0.435,0.226,0.239,0.229,1.094,Steak,267.8
0.36,0.247,0.198,0.378,1.092,Steak,272.3
0.431,0.105,0.136,0.347,1.022,Steak,275.5
0.481,0.156,0.204,0.439,1.015,Steak,273.8
0.523,0.198,0.141,0.396,0.942,Steak,267.2
0.367,0.173,0.2,0.353,0.856,Steak,271.7
0.465,0.141,0.212,0.438,0.895,Steak,270.8
0.479,0.165,0.186,0.23,0.866,Steak,275.1
0.509,0.128,0.222,0.206,0.989,Steak,271.4
0.512,0.173,0.178,0.375,1.028,Steak,273.9
0.375,0.213,0.245,0.469,0.895,Steak,272.0
0.386,0.183,0.22,0.237,0.882,Steak,268.1
0.382,0.184,0.228,0.211,1.095,Steak,271.1
0.423,0.182,0.163,0.484,0.85,Steak,269.0
0.539,0.178,0.217,0.398,0.961,Steak,271.8
0.489,0.178,0.248,0.306,0.985,Steak,268.1
0.37,0.223,0.136,0.256,0.925,Steak,274.3
0.541,0.19,0.132,0.308,0.882,Steak,272.2
0.365,0.138,0.157,0.471,0.95,Steak,266.8
0.401,0.164,0.204,0.361,0.868,Steak,273.3
0.549,0.205,0.129,0.312,1.014,Steak,274.2
0.471,0.163,0.123,0.498,0.958,Steak,266.3
0.471,0.112,0.119,0.233,0.987,Steak,266.7
0.478,0.154,0.15,0.282,1.067,Steak,268.3
0.352,0.157,0.245,0.314,0.876,Steak,275.3
0.385,0.209,0.146,0.446,0.972,Steak,271.3
0.49,0.23,0.183,0.382,1.074,Steak,267.7
0.539,0.158,0.152,0.422,1.092,Steak,271.3
0.469,0.227,0.172,0.238,0.852,Steak,271.1
