feature_red,feature_green,feature_blue,texture_contrast,aspect_ratio,ear_shape,label
149.93,127.23,132.95,60.23,1.06,0.83,0
171.58,145.35,110.61,50.43,1.03,0.8,0
144.84,91.73,85.5,39.38,0.95,0.88,0
121.84,101.75,149.31,42.74,1.11,0.71,0
129.11,132.22,96.98,48.76,1.01,0.82,0
127.97,167.05,119.73,34.42,1.22,0.73,0
144.18,90.81,93.44,46.97,1.21,0.87,0
137.69,123.98,90.43,37.8,1.03,0.96,0
146.87,94.74,126.48,41.15,1.0,0.91,0
160.62,148.63,103.22,41.91,1.15,0.95,0
130.42,126.29,97.87,33.04,1.22,0.99,0
138.56,150.07,127.23,38.55,1.15,1.0,0
139.28,161.29,67.61,53.22,1.11,0.82,0
141.84,90.25,115.61,48.57,1.32,0.8,0
123.83,119.96,138.31,48.29,1.02,0.9,0
141.94,149.37,105.96,41.72,1.04,0.7,0
145.92,135.22,120.1,42.65,0.89,0.81,0
133.15,113.95,116.77,49.04,1.38,0.87,0
145.15,128.51,81.62,44.73,1.11,1.1,0
136.15,136.03,119.31,33.31,1.27,0.93,0
155.82,111.81,148.06,30.98,1.19,1.07,0
120.19,118.67,121.99,39.97,0.87,0.86,0
118.75,139.47,101.61,60.5,0.98,0.82,0
156.27,105.38,124.55,58.07,0.86,0.87,0
145.2,145.64,95.26,31.8,1.18,0.88,0
145.01,136.93,106.4,47.32,1.14,0.78,0
177.32,139.48,96.17,51.57,0.95,0.93,0
163.17,113.59,139.27,49.13,1.22,1.04,0
135.09,114.93,102.21,36.84,1.09,0.88,0
145.53,146.54,120.26,59.54,1.06,1.12,0
152.51,112.86,98.58,49.82,1.07,0.92,0
149.46,128.54,103.06,29.85,1.03,0.94,0
144.28,105.09,123.46,48.85,0.97,0.87,0
141.16,107.14,127.16,50.61,1.26,0.96,0
112.45,111.24,130.3,50.14,1.18,1.24,0
151.42,152.71,139.08,51.51,1.05,0.93,0
124.54,125.26,110.29,45.82,1.45,0.66,0
153.73,97.75,110.56,55.89,1.11,0.74,0
125.69,143.59,105.39,47.16,1.11,0.78,0
182.88,142.68,79.5,46.86,1.0,0.94,0
124.15,127.71,130.1,53.66,0.92,0.82,0
130.5,116.93,155.31,49.05,0.91,0.94,0
182.44,150.65,89.61,40.16,1.29,0.78,0
148.88,145.49,101.46,44.4,0.61,0.75,0
134.95,105.04,152.65,30.7,1.03,0.86,0
168.83,101.28,143.26,45.1,0.95,0.9,0
143.98,118.0,121.4,41.15,1.12,0.92,0
171.72,105.24,162.66,25.48,1.08,0.91,0
145.62,117.55,115.84,40.07,1.01,0.93,0
147.14,116.14,137.99,48.07,1.22,0.91,0
123.42,118.8,134.95,51.1,1.1,0.86,0
165.55,118.17,130.94,42.98,1.07,0.96,0
156.51,146.27,146.11,45.21,1.2,0.82,0
146.48,127.4,121.94,50.95,0.98,1.06,0
119.88,105.72,143.16,52.92,1.19,0.91,0
139.76,112.05,121.52,38.23,1.25,0.84,0
123.49,123.57,128.26,39.36,0.98,0.87,0
144.9,119.86,110.58,47.32,0.88,0.71,0
125.63,125.73,126.22,59.75,1.23,0.83,0
139.62,109.95,119.63,42.11,1.15,0.77,0
150.39,160.65,117.82,49.02,1.2,0.81,0
144.48,130.25,121.95,37.27,1.1,0.9,0
169.02,149.19,163.06,37.33,1.23,0.87,0
183.8,113.83,103.21,39.01,0.78,0.8,0
124.82,133.01,126.84,63.76,1.24,0.79,0
122.03,139.84,93.6,63.31,1.28,0.8,0
105.74,157.08,117.71,57.38,0.86,0.79,0
140.1,130.94,111.0,51.23,0.94,0.84,0
142.41,140.29,134.23,33.75,0.87,0.98,0
146.65,115.03,151.02,46.16,1.28,0.86,0
181.21,165.11,115.02,54.72,1.2,0.99,0
120.7,143.72,141.17,27.41,0.92,0.65,0
134.61,144.35,150.05,45.74,1.34,0.71,0
105.93,128.89,127.68,44.67,0.79,0.84,0
113.91,143.39,127.33,35.6,1.02,0.74,0
138.75,149.1,100.29,50.04,1.02,0.77,0
137.86,109.3,108.93,33.02,1.39,0.85,0
126.01,134.28,117.75,42.79,1.19,0.93,0
129.39,118.48,114.5,21.98,0.87,0.99,0
172.9,125.02,131.53,48.11,1.56,0.96,0
137.44,110.89,87.87,47.03,0.99,0.71,0
127.07,108.37,153.74,53.82,1.1,1.0,0
141.55,112.77,150.46,50.39,0.94,0.83,0
122.49,102.34,138.52,64.09,0.89,0.91,0
126.99,120.26,108.15,36.36,1.11,0.77,0
145.41,129.0,115.22,35.92,1.01,0.93,0
150.02,110.45,121.99,52.51,0.85,0.9,0
126.75,141.41,104.73,26.95,0.86,0.85,0
145.19,111.91,132.77,28.38,1.09,0.73,0
126.96,130.95,102.79,41.15,1.25,0.79,0
156.71,107.41,130.6,59.42,0.73,0.77,0
151.54,125.94,127.42,38.96,1.11,0.83,0
163.36,135.09,126.75,40.88,1.03,0.81,0
147.89,121.58,125.8,65.75,1.23,0.82,0
164.02,121.84,79.24,34.92,0.82,0.81,0
140.37,163.53,126.54,42.81,1.22,0.63,0
144.71,145.42,90.43,56.44,1.15,0.81,0
152.66,175.41,123.64,47.48,1.03,0.77,0
156.61,112.88,121.43,40.22,1.17,0.88,0
160.75,119.8,114.6,35.21,1.03,0.89,0
155.14,111.56,137.39,58.56,1.16,1.04,0
124.52,105.11,84.43,59.96,1.2,0.84,0
145.6,107.49,168.92,46.29,1.12,0.92,0
149.62,134.48,104.19,49.71,1.38,0.98,0
171.86,119.78,100.21,43.74,1.11,0.96,0
106.15,160.59,116.84,40.73,0.95,0.68,0
156.46,131.47,94.2,32.05,1.05,1.02,0
134.81,99.94,115.09,42.27,0.7,0.84,0
135.38,143.92,156.98,56.27,1.06,0.74,0
191.47,131.18,120.28,44.76,1.13,0.84,0
128.53,119.06,119.34,39.57,0.99,0.86,0
134.9,160.08,66.98,55.92,1.29,0.64,0
133.15,122.57,91.85,37.22,0.93,1.03,0
158.71,155.43,134.43,33.71,1.02,0.9,0
115.56,144.26,115.19,41.25,1.21,0.89,0
132.78,153.19,98.38,51.16,1.19,0.82,0
146.52,104.98,138.48,43.15,1.02,0.95,0
125.91,101.83,88.87,51.06,0.91,1.03,0
98.36,163.93,124.22,44.03,1.02,0.89,0
139.25,152.07,122.28,46.5,1.05,0.84,0
146.16,95.8,93.04,52.43,1.13,0.83,0
140.37,136.95,109.2,37.22,1.13,0.75,0
148.17,95.95,140.58,49.73,1.14,0.95,0
173.31,150.29,83.18,32.2,1.01,0.85,0
150.35,115.49,123.74,37.45,1.01,0.71,0
121.54,102.97,100.48,55.54,0.96,1.11,0
149.87,133.7,102.83,52.0,1.01,0.86,0
191.2,128.08,142.99,37.97,1.09,1.03,0
127.46,166.25,134.16,39.38,1.19,0.95,0
152.44,98.6,105.46,42.52,1.09,0.91,0
143.55,103.29,127.6,51.11,1.18,0.96,0
156.68,139.18,118.6,28.39,1.16,0.87,0
145.43,104.47,98.38,55.53,1.09,0.92,0
140.57,130.6,138.77,39.84,1.11,0.8,0
131.31,123.82,124.44,40.21,1.29,0.76,0
136.26,121.21,148.94,46.97,1.25,0.7,0
145.34,147.79,121.65,55.65,1.02,0.99,0
185.98,122.74,111.09,59.53,1.34,0.8,0
131.6,124.36,93.11,35.81,0.95,0.77,0
139.31,134.68,151.01,35.02,1.25,0.83,0
139.01,143.5,97.55,48.82,1.12,0.9,0
145.78,179.11,107.25,39.69,1.01,0.79,0
127.25,153.78,148.41,39.29,0.98,0.9,0
128.96,142.66,124.06,29.84,1.33,1.03,0
127.74,122.25,125.72,48.34,1.2,1.05,0
136.46,114.03,92.41,37.69,1.1,1.03,0
129.65,134.48,119.67,56.88,1.48,0.8,0
130.21,150.88,133.64,63.47,1.19,0.81,0
151.81,152.17,136.41,50.07,1.26,0.97,0
167.64,142.97,116.66,46.47,1.28,0.77,0
147.37,122.13,120.57,57.78,1.13,0.85,0
112.8,144.93,132.91,66.63,1.05,0.87,0
144.99,161.55,118.09,47.79,1.19,0.87,0
131.07,133.88,141.47,34.73,1.12,0.78,0
163.9,99.54,108.82,48.77,1.33,0.84,0
128.9,167.62,91.04,23.01,1.17,0.8,0
119.58,144.17,124.88,39.36,0.91,0.94,0
153.0,128.02,156.93,34.3,0.87,0.78,0
139.09,134.87,115.18,48.52,0.91,0.99,0
138.36,152.35,126.85,49.57,1.19,0.89,0
152.85,156.58,123.93,52.09,1.09,0.99,0
126.47,166.02,119.2,30.69,1.12,0.78,0
156.81,116.95,111.08,26.1,1.03,0.61,0
108.32,145.21,135.72,49.25,0.95,0.85,0
139.93,106.83,150.07,53.77,1.07,0.85,0
144.17,89.17,115.06,38.18,0.95,0.82,0
175.95,142.82,108.58,50.73,1.31,0.94,0
141.19,117.06,133.96,48.93,1.23,0.91,0
160.99,119.3,146.35,46.98,1.41,0.78,0
174.72,133.96,106.97,40.16,1.05,0.89,0
150.46,118.53,119.51,66.42,1.36,0.89,0
140.76,132.4,132.27,34.77,1.06,0.68,0
147.98,142.94,110.34,60.74,0.92,0.7,0
144.49,150.94,153.68,40.41,1.26,0.85,0
136.55,147.67,133.05,29.24,1.32,0.99,0
127.49,137.92,129.88,47.61,1.02,0.78,0
139.49,153.45,130.87,41.29,1.22,0.57,0
162.98,95.21,112.75,33.8,0.91,0.97,0
130.65,136.93,119.06,49.77,1.11,0.72,0
159.93,120.12,88.87,40.72,1.33,0.94,0
133.03,123.01,113.57,65.77,1.16,0.89,0
160.61,134.78,114.82,43.04,1.09,0.85,0
154.55,131.04,134.65,44.19,1.11,0.65,0
158.33,136.93,139.96,16.04,1.41,0.84,0
162.16,109.2,132.26,34.47,1.01,1.04,0
136.19,134.35,137.4,49.96,1.12,0.89,0
188.07,128.85,124.02,55.51,1.27,0.97,0
152.77,107.14,152.67,33.54,1.15,0.77,0
138.72,136.58,126.43,49.22,1.34,0.9,0
135.12,149.28,143.79,32.72,1.19,0.92,0
134.05,157.51,117.0,46.26,1.07,0.85,0
118.07,101.2,151.89,36.53,0.95,0.63,0
127.22,103.54,152.84,55.1,1.0,1.08,0
159.64,123.5,70.01,67.91,0.89,0.69,0
160.45,178.8,147.69,50.64,1.19,0.94,0
155.18,135.62,122.08,44.37,0.99,0.82,0
106.14,128.03,100.23,33.96,1.13,0.99,0
158.37,98.59,100.21,54.41,0.95,0.83,0
151.0,110.63,122.11,31.66,1.01,0.88,0
108.14,138.81,119.61,50.52,1.13,0.99,0
142.5,121.41,122.45,50.43,1.11,0.85,0
125.96,116.74,91.95,62.5,0.91,0.78,0
125.63,147.9,114.1,57.48,1.0,0.88,0
123.29,172.9,96.25,48.1,1.2,0.89,0
136.29,127.4,120.88,43.53,1.24,1.07,0
128.85,102.6,118.23,70.8,0.98,1.01,0
173.55,118.93,131.38,61.28,1.04,0.83,0
128.37,109.7,107.01,32.76,1.11,0.77,0
144.68,98.88,126.62,53.34,0.8,0.89,0
164.55,105.81,153.45,49.19,0.99,0.84,0
151.17,131.52,130.78,35.79,1.13,0.71,0
137.78,111.92,105.29,57.36,1.26,0.91,0
118.15,123.67,144.26,46.42,1.45,0.89,0
143.84,123.82,122.67,43.48,1.21,0.95,0
124.28,103.38,83.28,50.08,0.93,0.63,0
147.77,179.86,119.88,53.38,1.11,0.84,0
158.38,124.19,125.35,48.22,1.0,0.95,0
136.5,114.89,130.73,36.02,1.1,0.85,0
161.72,139.49,119.5,53.18,1.31,0.91,0
140.21,103.76,98.7,41.95,1.01,0.83,0
141.13,140.59,118.59,49.87,1.11,0.65,0
121.21,127.12,95.81,51.0,1.33,0.97,0
135.73,159.81,122.97,41.63,1.01,0.82,0
132.24,133.41,123.21,45.03,1.17,0.97,0
158.99,100.3,68.92,54.34,0.89,0.83,0
116.6,93.96,130.83,52.59,1.01,0.59,0
129.08,137.84,90.42,46.83,1.1,0.91,0
142.39,110.54,143.93,43.41,1.1,0.76,0
131.13,112.3,116.54,62.12,0.89,0.69,0
169.42,125.81,106.62,55.4,1.01,1.03,0
153.56,120.24,163.15,38.94,1.21,0.88,0
166.03,161.23,120.64,37.47,1.17,0.78,0
180.27,132.73,112.69,46.85,0.9,0.75,0
164.01,116.86,99.06,50.37,1.28,0.92,0
159.92,114.86,91.56,60.01,1.05,0.82,0
166.56,141.12,129.12,66.65,1.0,0.94,0
141.14,135.37,150.57,50.08,1.18,0.96,0
132.7,113.22,99.1,25.34,1.41,0.74,0
135.57,124.46,126.15,53.16,1.23,0.79,0
136.66,135.65,115.03,61.07,1.17,0.92,0
153.26,153.47,123.62,32.03,1.16,0.78,0
129.43,141.73,144.77,45.21,1.15,1.02,0
144.82,182.03,131.31,27.39,1.21,0.89,0
165.8,143.46,117.23,32.76,1.07,0.76,0
128.39,141.77,153.4,48.95,0.92,0.89,0
163.93,117.8,117.32,45.15,0.98,0.91,0
137.58,138.39,102.25,40.63,1.21,0.81,0
174.54,122.01,124.49,54.33,0.89,0.67,0
109.49,155.25,108.96,70.58,1.02,0.87,0
170.84,170.12,161.23,57.08,1.25,0.91,0
155.57,118.98,103.64,44.97,1.07,0.8,0
153.93,149.11,121.77,59.78,0.93,0.83,0
125.66,92.67,118.35,43.78,1.33,0.91,0
119.52,167.08,144.42,50.82,1.07,0.75,0
132.56,151.77,157.69,60.43,1.03,0.74,0
142.82,94.63,126.46,43.52,1.03,0.69,0
150.27,119.35,96.6,16.28,1.1,1.03,0
173.23,120.86,107.96,49.69,0.95,0.88,0
155.32,154.54,118.0,42.96,0.97,0.77,0
135.47,137.35,138.27,36.97,1.32,0.82,0
139.57,115.06,71.52,53.84,1.21,0.82,0
141.34,140.32,88.75,39.71,1.22,0.72,0
145.87,102.87,129.33,44.64,0.86,0.97,0
125.31,113.79,124.01,56.49,0.95,0.86,0
148.58,143.86,123.53,41.33,0.98,0.86,0
118.56,71.57,128.73,54.04,0.75,0.75,0
152.38,171.15,120.42,37.72,1.07,0.99,0
127.08,114.02,110.35,35.47,1.12,1.01,0
146.46,124.95,114.16,29.37,1.23,0.84,0
136.39,193.86,125.98,37.48,1.04,0.96,0
142.27,101.23,138.38,38.32,1.38,0.96,0
131.05,155.62,121.36,53.53,1.17,0.77,0
127.13,150.6,113.3,40.96,0.96,0.89,0
181.25,108.65,120.48,59.12,1.09,0.9,0
118.75,138.57,116.26,54.86,1.28,1.11,0
151.59,136.52,123.89,41.47,1.15,0.82,0
143.37,156.35,99.87,56.4,1.3,0.84,0
97.56,117.84,145.94,44.77,0.95,0.8,0
156.81,140.93,115.22,41.33,1.04,0.76,0
172.31,123.55,144.34,60.21,1.25,0.81,0
148.07,129.52,101.93,48.24,0.92,0.97,0
130.71,134.02,125.67,42.41,1.19,0.8,0
157.43,103.08,122.53,64.39,0.95,0.78,0
150.28,133.59,127.01,49.89,1.2,0.96,0
148.2,125.17,133.45,64.0,1.08,0.75,0
162.14,127.59,76.55,53.47,1.02,0.84,0
146.64,133.81,134.19,40.65,1.18,0.82,0
154.78,142.31,101.29,55.86,1.02,0.93,0
147.35,166.76,115.53,41.51,1.1,0.82,0
156.0,97.67,98.93,34.32,1.24,1.02,0
137.91,126.62,121.4,56.62,0.96,0.87,0
159.5,140.02,123.79,55.01,0.69,0.92,0
126.92,93.39,130.22,58.74,1.08,0.95,0
172.25,156.3,152.8,52.42,1.11,0.69,0
135.08,113.14,163.42,43.24,1.12,0.91,0
140.87,163.9,107.55,46.95,0.99,0.72,0
127.76,129.26,111.41,38.08,0.89,0.84,0
109.91,145.2,121.65,30.42,1.05,0.77,0
146.38,156.81,82.5,46.15,1.08,0.92,0
144.26,114.96,113.62,37.04,1.26,0.85,0
178.02,128.79,105.83,29.86,0.83,0.69,0
145.34,140.17,88.38,53.95,1.03,0.86,0
172.24,147.94,114.63,36.09,0.78,0.78,0
135.78,110.26,117.37,45.77,1.07,0.78,0
143.37,138.84,98.19,59.11,1.09,0.85,0
154.16,134.66,139.06,47.87,1.01,0.89,0
117.13,132.17,119.34,42.92,1.08,0.66,0
129.03,131.86,123.2,34.72,1.29,0.76,0
159.39,138.54,107.08,62.75,0.92,0.94,0
160.01,116.59,147.85,42.5,1.14,0.88,0
137.31,146.22,135.87,27.51,1.3,0.68,0
160.65,152.53,98.18,40.89,0.93,0.83,0
133.84,145.59,146.21,58.96,1.02,0.83,0
106.33,113.88,139.3,61.16,0.91,0.79,0
139.47,135.6,103.81,49.24,1.03,0.85,0
150.93,130.13,111.27,43.9,1.09,0.81,0
134.82,161.97,131.22,42.05,1.2,0.82,0
163.46,137.39,117.85,49.48,0.86,0.74,0
116.12,132.86,154.65,67.31,1.2,0.9,0
103.98,119.15,104.24,38.79,1.07,0.8,0
100.41,144.96,98.55,47.39,1.41,0.76,0
89.39,124.28,142.02,64.58,0.92,0.9,0
130.69,127.88,172.89,29.97,1.14,0.9,0
161.72,131.96,126.16,41.08,1.14,0.82,0
152.43,122.61,127.54,44.71,1.27,0.84,0
104.54,155.24,101.89,38.46,1.01,0.99,0
97.29,192.75,141.12,47.23,1.09,0.88,0
150.42,142.9,131.11,45.9,1.07,0.83,0
136.1,152.68,131.87,15.6,1.2,0.87,0
139.63,122.23,142.48,54.48,0.98,0.89,0
120.57,102.41,107.47,53.62,1.24,0.9,0
154.5,140.32,107.17,49.32,1.22,0.93,0
163.78,144.17,127.03,55.7,1.1,0.76,0
136.74,115.1,106.5,43.55,0.98,0.82,0
102.13,134.27,120.02,36.83,1.2,0.94,0
107.85,114.75,104.62,35.6,1.22,0.83,0
134.71,89.92,132.71,32.61,1.11,0.88,0
167.21,103.82,59.61,46.84,1.37,0.97,0
144.19,120.17,136.14,35.26,1.17,0.9,0
161.2,185.19,127.85,39.91,1.1,0.67,0
126.11,121.81,109.52,46.52,0.98,0.96,0
140.0,129.81,113.44,46.55,1.22,0.76,0
126.84,123.93,93.08,36.81,1.03,0.94,0
145.25,133.87,137.02,43.63,1.16,0.84,0
145.31,118.34,71.22,43.66,1.31,0.94,0
159.31,154.72,121.77,46.97,1.01,0.82,0
152.32,154.08,117.21,40.5,1.1,0.91,0
111.12,84.08,108.99,32.79,1.02,0.84,0
130.94,159.05,126.53,48.0,1.19,0.74,0
160.78,128.48,133.41,34.28,0.87,0.93,0
147.53,111.96,102.61,56.25,0.92,1.01,0
121.99,142.77,113.43,51.03,1.02,0.83,0
140.82,109.96,134.82,39.87,1.07,0.75,0
88.75,126.18,168.25,52.85,1.1,0.82,0
140.45,140.94,96.38,56.14,1.21,0.92,0
148.77,130.39,133.46,50.92,1.05,0.79,0
142.04,160.98,95.22,30.32,1.12,0.86,0
143.47,134.88,115.54,59.9,0.86,0.77,0
137.93,97.14,116.48,61.61,1.1,0.87,0
114.8,117.67,112.5,41.82,1.29,0.91,0
117.77,134.93,129.96,56.4,1.34,0.75,0
123.78,104.85,115.32,49.66,1.25,0.84,0
133.6,133.04,103.3,65.9,0.86,0.87,0
180.47,130.14,116.2,41.43,1.07,0.99,0
95.76,160.67,91.52,42.33,1.04,0.91,0
108.04,139.24,160.49,31.37,1.13,0.78,0
148.52,130.38,107.17,49.88,1.37,0.83,0
154.4,104.13,100.87,49.72,1.32,0.89,0
133.74,129.99,94.99,51.05,1.23,0.8,0
130.6,135.32,111.27,44.34,1.41,0.83,0
132.83,117.05,134.88,43.19,1.0,0.98,0
168.39,117.99,82.67,55.08,1.0,0.93,0
100.6,147.85,95.78,52.31,1.1,0.75,0
131.86,143.73,122.12,50.84,1.4,0.69,0
172.34,132.09,102.02,31.7,1.07,0.94,0
137.45,160.22,90.98,44.88,0.91,0.89,0
157.74,121.58,67.92,46.99,1.17,0.89,0
164.72,108.58,133.6,56.93,0.83,0.88,0
129.92,128.37,126.95,40.13,1.0,0.85,0
118.26,108.28,133.59,33.51,1.2,0.9,0
105.48,116.45,143.88,35.19,1.03,0.9,0
155.67,124.97,108.05,59.22,1.36,0.95,0
141.71,113.83,103.39,50.23,1.16,0.99,0
153.01,99.94,141.04,35.02,1.04,0.88,0
179.91,192.2,132.13,43.17,1.18,0.94,0
133.59,165.9,124.6,49.98,1.2,0.89,0
156.78,117.65,108.83,34.0,1.17,0.93,0
149.16,163.49,119.89,51.69,0.94,0.81,0
153.91,146.98,114.12,44.28,0.87,0.81,0
157.81,141.5,130.01,45.5,1.1,0.78,0
153.98,138.42,129.84,39.74,0.78,0.96,0
130.42,112.74,133.87,41.08,1.26,0.91,0
153.67,102.68,144.24,47.61,1.04,0.86,0
104.48,138.17,99.41,31.47,0.87,0.96,0
127.41,160.67,109.28,27.93,0.93,0.97,0
136.88,119.03,123.2,50.02,1.27,0.99,0
132.8,103.48,111.73,47.6,0.96,0.75,0
146.88,129.03,120.66,37.42,1.07,0.76,0
157.8,150.7,83.08,35.7,0.88,0.78,0
138.33,101.01,101.56,34.96,1.13,0.86,0
125.57,133.54,109.07,42.28,1.35,0.98,0
114.01,146.59,136.23,33.52,1.22,1.0,0
117.55,111.65,140.35,47.71,1.18,0.88,0
147.81,103.47,140.95,56.7,1.07,0.85,0
109.38,140.29,131.44,44.38,1.27,0.82,0
151.29,109.61,119.53,43.26,1.13,0.81,0
137.37,146.52,111.26,28.93,1.36,0.99,0
114.15,143.79,109.94,47.63,1.14,0.83,0
124.32,116.19,101.68,36.68,1.09,0.78,0
153.64,159.74,108.4,47.39,1.17,0.9,0
141.52,144.85,129.64,32.62,1.23,0.94,0
124.73,130.76,133.67,42.91,1.26,1.09,0
124.28,102.38,126.08,52.22,1.07,1.0,0
113.23,143.86,107.88,62.19,1.4,0.77,0
129.01,147.19,112.26,44.55,1.1,0.66,0
139.72,116.21,110.14,59.44,0.91,0.93,0
134.42,124.4,135.81,48.4,1.19,0.95,0
133.37,117.76,98.3,36.75,1.54,0.97,0
112.98,103.55,129.64,50.47,1.18,0.82,0
137.49,136.56,121.72,22.81,1.07,0.76,0
143.5,189.71,127.35,41.86,1.24,0.9,0
148.4,142.14,161.13,33.69,1.17,0.76,0
151.11,111.63,111.65,42.05,1.25,0.94,0
115.09,131.1,105.81,32.41,1.07,0.82,0
188.53,138.66,92.45,39.35,1.25,1.06,0
108.28,92.4,157.42,48.9,0.97,0.9,0
87.29,130.07,126.56,54.24,0.95,0.86,0
121.49,135.11,102.09,40.92,0.95,0.92,0
157.17,125.31,120.76,30.51,1.06,0.84,0
192.42,107.76,149.28,54.97,1.14,1.03,0
147.44,137.78,118.94,57.24,1.26,0.79,0
113.62,125.94,104.0,44.36,1.29,0.8,0
139.14,131.16,136.97,22.53,1.01,0.87,0
164.0,120.16,82.47,51.2,1.0,0.73,0
127.51,126.31,107.91,22.94,1.23,0.98,0
153.03,107.25,115.97,44.93,1.19,0.92,0
125.32,131.64,129.15,59.56,1.21,0.93,0
141.68,158.21,128.2,36.39,1.31,0.92,0
131.14,120.41,125.93,49.63,1.13,0.88,0
174.0,151.43,123.81,54.41,0.95,0.89,0
176.19,125.64,103.05,38.48,0.94,0.77,0
132.59,101.89,120.31,54.02,0.96,1.0,0
150.22,150.61,106.84,53.55,0.94,0.94,0
143.44,141.07,96.49,36.05,1.19,0.76,0
149.26,102.66,136.96,32.67,1.18,0.91,0
126.06,141.64,125.21,39.61,0.95,0.65,0
146.99,98.7,121.91,42.37,1.2,0.82,0
133.41,144.64,126.7,48.16,1.17,0.7,0
155.14,142.25,99.67,42.56,1.09,0.84,0
146.68,158.63,141.64,31.88,1.19,0.98,0
147.74,151.82,160.25,55.24,1.14,0.95,0
142.9,130.48,112.97,60.63,0.98,1.0,0
150.0,102.01,127.35,24.0,1.19,0.94,0
128.15,132.47,159.08,39.94,0.94,1.0,0
179.25,130.07,140.23,58.41,0.99,0.8,0
164.62,163.7,131.26,36.2,1.4,0.8,0
133.3,136.85,151.08,53.54,1.16,0.9,0
140.87,141.16,69.41,42.03,1.14,0.73,0
147.73,125.91,155.11,60.73,1.03,0.83,0
138.52,120.97,123.9,37.42,0.93,0.91,0
152.59,113.91,137.91,38.68,1.14,0.93,0
139.33,139.09,109.67,43.04,1.07,0.78,0
136.46,99.03,110.18,42.15,1.06,0.83,0
138.76,139.59,137.49,38.5,0.92,0.75,0
130.26,122.96,104.6,32.04,1.03,0.87,0
151.9,118.85,111.74,35.73,1.1,0.77,0
151.46,94.28,112.81,48.01,1.13,1.12,0
147.0,109.92,118.09,27.24,1.09,0.77,0
158.31,119.01,117.66,38.64,1.36,0.82,0
176.65,146.28,129.64,48.69,1.16,0.66,0
134.42,146.9,119.02,30.95,1.09,1.02,0
164.94,128.76,139.03,41.33,0.84,0.76,0
171.26,124.52,115.13,42.0,1.39,1.01,0
184.38,126.82,125.91,29.83,1.32,0.73,0
144.34,108.05,108.22,36.63,1.01,0.8,0
129.03,146.67,97.9,47.21,1.28,0.8,0
125.64,125.39,143.59,46.94,1.02,0.9,0
117.95,143.63,128.17,41.92,0.97,0.76,0
150.7,154.58,107.25,49.58,0.79,0.79,0
139.38,111.81,101.27,38.32,1.14,0.83,0
95.24,87.59,107.86,49.58,0.69,0.8,0
129.48,157.77,112.3,48.83,1.12,0.64,0
155.36,134.31,130.17,84.26,0.79,1.02,0
134.25,135.75,119.09,40.76,1.01,0.88,0
109.66,145.01,111.68,33.7,1.03,0.98,0
129.29,137.17,105.38,52.58,1.2,1.03,0
136.49,143.37,121.96,57.96,0.99,0.92,0
136.11,128.72,121.84,47.52,1.08,0.87,0
171.56,149.71,137.38,40.44,0.97,0.95,0
157.52,159.45,107.92,42.7,0.85,0.81,0
159.93,120.67,132.81,43.09,1.15,0.74,0
141.7,70.18,116.26,28.7,1.28,0.93,0
149.33,160.42,101.02,62.47,1.24,0.83,0
162.71,107.87,103.51,38.91,1.02,0.74,0
164.46,124.82,127.05,39.3,0.83,0.88,0
101.75,128.63,92.63,64.87,1.24,0.86,0
165.27,113.07,130.87,47.0,1.14,0.98,0
154.65,135.77,86.9,35.4,1.08,0.86,0
117.4,178.23,150.33,51.02,1.11,0.83,0
120.96,131.55,125.16,32.58,1.15,0.83,0
62.3,83.49,84.66,98.32,1.51,0.15,1
122.15,66.32,122.07,62.93,1.38,0.55,1
77.82,70.07,80.41,85.58,1.1,-0.07,1
98.72,118.79,125.01,63.05,1.32,0.52,1
63.26,95.29,99.76,76.74,1.3,0.36,1
47.79,88.54,106.34,55.27,1.41,0.42,1
101.44,109.26,70.93,66.9,1.52,0.37,1
95.34,110.61,112.87,39.25,1.63,0.3,1
120.64,134.93,60.71,59.36,1.34,0.23,1
153.37,83.58,81.11,73.07,1.16,0.29,1
117.94,96.68,92.67,62.06,1.1,0.4,1
153.87,105.46,100.63,80.39,1.15,0.61,1
115.06,145.8,76.67,97.27,1.56,0.43,1
115.85,98.79,125.01,72.11,1.01,0.18,1
105.35,112.75,93.59,88.28,1.01,0.37,1
64.55,123.99,92.64,76.29,1.23,0.54,1
136.04,119.59,91.76,78.7,1.26,0.48,1
151.24,131.77,76.76,75.42,1.14,0.44,1
121.27,58.25,65.96,65.75,1.34,0.17,1
119.72,111.29,90.14,58.66,1.61,0.6,1
97.91,89.7,107.28,64.63,1.37,0.46,1
62.27,137.96,96.82,63.83,1.38,0.34,1
66.72,142.37,96.03,76.65,1.59,0.2,1
121.84,98.31,116.17,38.09,1.38,0.26,1
120.81,116.75,77.31,59.32,1.38,0.22,1
131.05,95.77,22.33,64.38,1.19,0.11,1
79.06,107.74,128.22,74.7,1.28,0.42,1
98.52,87.63,66.14,43.72,1.32,0.37,1
107.58,94.6,71.36,79.12,1.14,0.47,1
84.94,86.19,58.33,62.48,1.6,0.43,1
134.46,118.05,67.41,65.04,1.24,0.55,1
80.08,127.34,117.32,97.44,1.32,0.46,1
167.04,89.56,56.62,41.8,1.54,0.07,1
100.69,115.93,99.63,76.38,1.44,0.54,1
86.19,88.08,75.68,82.45,1.58,0.42,1
139.59,75.55,136.68,92.85,1.55,0.62,1
68.58,91.89,76.62,80.82,1.19,0.46,1
144.26,122.38,102.09,55.18,1.23,0.54,1
129.48,104.02,84.55,39.61,1.19,0.64,1
77.99,109.74,120.19,51.18,1.44,0.49,1
110.31,176.71,53.29,85.88,1.37,0.47,1
121.03,86.67,100.72,42.13,1.52,0.39,1
125.97,131.45,104.19,72.22,1.22,0.24,1
139.67,140.91,89.05,70.69,1.22,0.53,1
126.64,153.53,73.04,64.33,1.45,0.45,1
104.61,83.18,117.04,80.82,1.22,0.55,1
139.25,108.36,96.99,78.31,1.23,0.35,1
56.19,126.91,55.96,92.55,1.33,0.32,1
94.31,97.8,130.46,32.68,1.66,0.4,1
79.82,78.12,136.91,55.82,1.17,0.52,1
118.46,81.55,100.42,54.61,1.62,0.51,1
123.3,114.04,139.03,70.0,1.16,0.42,1
162.15,79.63,85.96,76.25,1.39,0.2,1
138.05,163.0,99.9,56.44,1.09,0.39,1
137.6,116.88,94.94,61.16,1.18,0.48,1
132.84,66.36,134.75,78.61,1.68,0.15,1
75.85,101.28,107.57,96.95,1.54,0.31,1
84.34,135.75,70.88,94.43,1.34,0.59,1
126.97,101.58,82.02,64.89,1.49,0.36,1
95.15,100.86,96.96,38.07,1.49,0.2,1
81.17,62.82,50.15,49.67,1.26,0.64,1
96.85,109.44,105.01,71.97,1.38,0.17,1
146.27,150.18,52.93,54.64,1.34,0.21,1
122.65,86.79,149.13,87.86,1.44,0.5,1
137.65,90.9,74.59,71.17,1.57,0.37,1
70.58,84.93,93.15,68.87,1.79,0.14,1
122.64,142.23,151.79,63.93,1.5,0.44,1
114.89,102.53,105.9,32.02,1.54,0.37,1
104.44,156.17,78.13,63.95,1.8,0.23,1
96.25,101.32,116.02,73.12,1.14,0.27,1
94.82,103.07,105.65,76.27,1.04,0.51,1
116.31,139.61,106.1,86.52,1.49,0.55,1
123.06,102.55,151.81,83.34,1.51,0.16,1
77.79,112.32,98.64,60.79,1.43,0.59,1
127.39,76.47,92.21,57.93,1.32,0.29,1
98.06,73.62,91.81,61.59,0.81,0.66,1
137.22,95.59,95.47,52.43,1.74,0.63,1
113.92,130.59,99.38,49.95,1.32,0.37,1
98.64,99.53,92.72,68.79,1.41,0.19,1
92.07,72.89,119.45,38.42,1.63,0.56,1
102.45,39.92,85.97,69.04,1.2,0.27,1
148.25,121.62,71.89,46.04,1.33,0.32,1
122.4,91.62,107.79,99.03,1.56,0.34,1
105.42,96.08,124.52,60.59,1.41,0.36,1
97.46,70.69,103.07,69.08,1.5,0.27,1
140.52,83.08,137.8,43.79,1.49,0.42,1
90.11,115.61,126.99,36.75,1.5,-0.02,1
85.86,145.73,80.46,52.39,1.36,0.66,1
64.21,78.72,132.44,97.87,1.38,0.16,1
162.4,144.86,111.97,57.81,1.39,0.33,1
118.27,141.28,116.99,53.84,1.68,0.4,1
127.18,141.66,67.21,69.46,1.29,0.11,1
118.67,167.79,49.0,69.52,1.53,0.37,1
107.17,72.52,100.82,58.65,0.96,0.53,1
133.96,106.29,100.73,86.11,1.44,0.49,1
102.56,137.8,103.02,72.91,1.15,0.39,1
89.2,89.04,74.62,54.01,1.82,0.55,1
158.01,74.43,96.78,50.6,1.26,0.21,1
140.99,95.09,121.71,79.06,1.86,0.13,1
141.48,133.66,70.67,85.11,1.47,0.32,1
89.4,87.02,146.25,70.01,1.56,0.23,1
90.5,132.05,61.26,63.77,1.41,0.37,1
105.52,114.9,112.32,81.02,1.2,0.31,1
139.87,127.37,60.68,75.27,1.0,0.36,1
157.44,81.3,74.14,81.46,1.09,0.26,1
124.91,89.14,89.1,81.16,1.48,0.39,1
101.52,114.25,91.91,76.87,1.3,0.32,1
85.25,104.12,74.72,53.29,1.45,0.38,1
129.57,94.22,105.2,78.26,1.49,0.23,1
113.73,114.1,95.18,38.7,1.43,0.68,1
101.0,86.8,104.33,74.69,1.64,0.16,1
128.28,119.76,91.45,75.08,1.61,0.48,1
81.42,125.5,93.38,71.09,1.41,0.33,1
139.79,102.91,67.01,64.1,1.44,0.53,1
125.08,83.74,157.13,73.97,1.66,0.33,1
123.33,125.99,125.45,85.86,1.57,0.3,1
95.71,113.32,118.33,66.66,1.61,0.57,1
87.09,84.08,91.49,74.61,1.3,0.55,1
120.6,105.99,59.1,50.26,1.46,0.03,1
135.32,101.05,176.08,104.62,1.36,0.33,1
134.89,147.58,54.05,43.2,1.28,0.44,1
122.42,131.74,65.01,35.26,1.57,0.23,1
59.54,108.63,114.83,68.17,1.31,0.33,1
100.74,71.3,77.13,77.82,1.46,0.38,1
85.12,100.46,40.57,72.68,1.69,0.13,1
95.35,113.23,126.32,63.28,1.26,0.05,1
112.59,156.05,101.93,69.67,1.46,0.35,1
89.67,125.58,100.64,70.26,1.2,0.55,1
126.62,91.18,120.05,62.54,1.24,0.24,1
65.72,116.79,49.22,51.57,0.98,0.34,1
106.24,96.83,68.94,52.42,1.49,0.27,1
117.91,82.87,99.53,89.55,1.52,0.29,1
116.43,98.98,95.2,65.12,1.37,0.38,1
85.17,79.6,60.29,46.0,1.16,0.37,1
87.68,117.84,95.87,40.47,1.53,0.47,1
85.15,115.5,73.59,71.47,1.15,0.08,1
100.43,101.91,85.06,52.24,1.32,0.39,1
108.88,109.56,78.25,87.58,1.16,0.42,1
139.55,117.02,89.94,62.08,1.61,0.14,1
85.75,95.06,125.94,75.7,1.21,0.3,1
94.64,87.26,119.47,49.42,1.72,0.47,1
137.27,93.43,91.25,48.5,1.3,0.42,1
142.4,77.32,85.86,67.73,1.12,0.44,1
91.9,100.12,83.7,58.16,1.4,0.32,1
100.7,86.79,102.99,94.8,1.43,0.5,1
75.24,108.94,67.57,47.85,1.25,0.53,1
133.75,111.08,56.68,67.06,1.46,0.38,1
63.91,82.74,93.4,78.04,0.96,0.33,1
113.58,126.24,112.32,78.74,1.24,0.06,1
100.17,130.04,129.84,80.66,1.49,0.41,1
96.1,101.75,136.73,55.86,1.72,0.3,1
143.14,69.83,109.65,58.95,1.12,0.38,1
135.24,83.88,57.52,68.62,1.38,0.43,1
133.74,103.51,141.39,73.36,1.33,0.11,1
103.43,96.59,119.01,76.94,1.16,0.38,1
126.79,143.2,117.19,81.41,1.41,0.41,1
141.24,71.68,86.26,58.41,1.48,0.53,1
95.08,45.24,84.69,83.7,1.51,0.41,1
103.0,73.02,107.88,57.49,1.84,0.44,1
95.48,89.72,92.68,66.41,1.62,0.38,1
91.71,152.26,96.23,81.53,1.28,0.4,1
117.78,57.76,145.38,89.36,1.32,0.18,1
118.69,107.17,103.89,72.87,1.5,0.57,1
124.2,78.76,129.06,94.61,2.03,0.18,1
116.07,52.95,108.83,61.78,1.78,0.23,1
67.77,93.22,45.61,81.27,0.99,0.35,1
58.05,96.99,136.08,75.41,1.23,0.35,1
110.45,116.82,60.83,78.89,0.86,0.26,1
97.79,120.83,95.57,48.92,1.2,0.38,1
108.02,90.52,82.98,80.44,1.3,0.34,1
164.25,69.41,48.7,81.75,1.26,0.3,1
90.47,98.5,134.96,82.03,1.57,0.14,1
81.22,34.02,74.77,84.35,1.5,0.32,1
109.44,87.78,100.12,81.49,1.08,0.39,1
133.31,94.62,112.52,112.22,1.38,0.41,1
91.55,109.53,106.51,72.92,1.2,0.38,1
146.55,116.22,119.05,66.44,1.55,0.39,1
86.23,112.96,70.21,60.51,1.44,0.39,1
80.27,131.35,109.3,59.43,1.09,0.33,1
98.85,107.83,85.92,39.89,1.32,0.3,1
125.84,87.55,136.97,41.33,1.66,0.32,1
131.49,107.0,123.49,64.19,1.18,0.56,1
107.16,110.54,125.87,54.52,1.52,0.26,1
106.7,106.81,57.49,58.32,1.67,0.48,1
108.43,111.08,87.64,90.35,1.36,0.38,1
138.65,85.57,133.97,47.04,1.73,0.29,1
103.93,57.75,83.63,54.4,1.28,0.33,1
133.94,110.19,102.69,53.57,1.22,0.62,1
91.62,146.41,88.92,70.03,1.61,0.54,1
107.23,95.29,93.6,75.07,1.58,0.35,1
125.47,145.96,104.53,74.67,1.1,-0.04,1
119.71,102.63,82.13,73.65,1.39,0.52,1
112.15,86.33,119.75,66.74,1.51,0.28,1
93.75,107.1,95.32,77.2,1.35,0.07,1
99.18,124.85,87.57,66.3,1.6,0.24,1
71.43,100.98,82.9,55.51,1.36,0.42,1
109.77,112.67,140.34,64.86,1.46,0.27,1
88.84,90.38,83.03,75.39,1.87,0.24,1
99.58,103.42,104.89,73.95,1.66,-0.01,1
50.33,92.6,122.43,46.52,0.8,0.44,1
116.09,77.74,70.36,55.45,1.42,0.26,1
122.35,33.63,73.58,53.11,1.35,0.27,1
129.95,58.52,96.14,78.38,1.77,0.28,1
118.11,59.9,35.2,82.67,1.4,0.53,1
75.66,118.0,141.72,76.3,1.46,0.35,1
70.73,138.89,79.73,77.57,1.09,0.17,1
145.88,96.32,131.33,68.83,1.03,0.48,1
95.25,122.47,95.63,46.85,1.43,0.68,1
122.32,103.56,121.88,73.16,1.44,0.19,1
115.85,130.89,74.1,91.37,1.38,0.22,1
134.94,97.83,113.99,65.62,1.39,0.42,1
117.27,55.11,66.97,83.94,1.37,0.27,1
76.04,78.01,44.46,68.48,1.28,0.21,1
108.3,114.1,147.33,47.32,1.63,0.5,1
90.52,110.08,83.56,72.79,1.7,0.44,1
122.72,94.24,57.9,66.87,1.64,0.12,1
83.62,108.16,70.38,58.11,1.32,0.15,1
85.65,122.59,62.32,46.03,1.27,0.46,1
105.08,93.39,96.11,43.81,1.5,0.41,1
99.77,130.15,66.81,86.92,1.43,0.3,1
109.5,102.32,125.51,53.85,1.25,0.51,1
95.11,127.51,137.49,63.97,1.54,0.18,1
128.87,109.99,106.83,60.32,1.07,0.43,1
58.41,97.07,118.53,72.88,1.79,0.5,1
93.65,105.68,93.82,46.27,1.21,0.27,1
59.09,106.19,88.77,44.91,1.48,0.46,1
115.68,96.9,109.79,80.2,1.46,0.23,1
116.92,134.89,80.08,101.47,1.29,0.35,1
93.19,110.58,51.44,61.81,1.18,0.37,1
134.86,121.15,35.71,100.63,1.46,0.23,1
113.93,109.4,78.33,72.97,1.28,0.29,1
92.84,69.18,98.65,78.78,1.5,0.47,1
118.11,91.68,115.99,49.64,1.22,0.21,1
137.0,128.57,107.18,86.08,1.22,0.4,1
106.87,126.17,92.12,64.23,1.51,0.48,1
93.29,103.47,68.54,32.53,1.44,0.44,1
116.55,56.26,86.23,36.72,1.67,0.19,1
141.39,128.65,72.49,53.01,1.47,0.22,1
112.56,92.93,50.47,36.54,1.45,0.27,1
96.17,122.4,124.34,65.91,1.33,0.43,1
76.08,110.58,108.8,80.2,1.01,0.24,1
88.04,107.5,107.02,92.45,1.3,0.28,1
138.74,112.41,126.69,74.33,1.17,0.15,1
71.21,121.55,124.71,97.74,1.57,0.52,1
95.5,76.09,116.25,76.27,1.42,0.41,1
118.08,137.1,127.37,78.16,1.57,0.43,1
98.47,123.91,60.14,85.81,1.16,0.39,1
88.87,118.83,94.15,46.08,1.48,0.26,1
132.03,105.03,104.89,55.64,1.28,0.28,1
131.42,146.93,74.87,86.15,0.97,0.17,1
86.03,71.19,55.41,76.19,1.36,0.41,1
127.26,111.64,111.44,68.96,1.16,0.51,1
95.27,81.61,90.55,56.31,1.32,0.4,1
118.71,82.55,82.81,86.11,1.5,0.66,1
139.5,133.61,60.3,81.46,1.39,0.27,1
114.2,128.63,107.52,56.82,1.55,0.25,1
115.42,97.42,89.53,81.49,1.19,0.64,1
64.47,90.06,104.26,78.76,1.38,0.34,1
120.26,99.22,129.83,82.59,1.57,0.21,1
108.02,97.49,69.86,75.4,1.29,0.45,1
83.25,147.98,72.59,73.29,1.56,0.26,1
131.31,74.27,131.3,70.21,1.28,0.31,1
130.22,90.39,76.27,66.68,1.16,0.62,1
95.84,125.79,100.24,55.23,1.4,0.47,1
105.29,134.83,120.54,83.78,1.31,0.19,1
94.66,109.91,108.64,37.43,1.4,0.37,1
103.06,137.28,105.54,89.65,1.36,0.49,1
150.88,137.79,67.7,66.19,1.33,0.42,1
127.16,84.03,96.7,39.7,1.69,0.27,1
111.4,97.26,123.65,27.44,1.4,0.33,1
98.66,148.16,72.82,81.58,1.47,0.54,1
93.32,86.68,122.4,76.38,1.09,0.27,1
119.66,125.94,78.02,26.29,1.5,0.17,1
59.57,34.19,115.35,71.93,1.35,0.56,1
125.93,145.41,60.18,69.48,1.08,0.32,1
103.78,120.67,96.14,79.35,1.54,0.67,1
102.12,81.47,101.15,57.97,1.7,0.31,1
95.86,93.22,112.96,67.63,1.27,0.6,1
88.6,105.89,111.31,45.53,1.5,0.19,1
130.57,80.93,112.32,86.59,1.57,0.39,1
104.22,90.59,131.78,59.51,1.19,0.45,1
90.1,81.25,58.91,62.76,1.38,0.39,1
133.78,118.17,90.23,67.03,1.5,0.54,1
113.16,93.27,70.18,48.32,1.53,0.44,1
124.43,101.78,130.17,62.74,1.59,0.34,1
94.79,119.81,105.24,75.35,1.42,0.34,1
169.71,134.61,113.07,71.68,1.6,0.43,1
110.66,97.41,92.98,22.44,1.44,0.28,1
149.82,105.48,65.28,69.25,1.19,0.42,1
117.27,128.95,75.23,70.51,1.13,0.46,1
122.97,117.4,95.04,76.22,1.72,0.31,1
113.47,77.85,73.29,71.47,1.62,0.31,1
104.1,94.83,81.63,74.42,1.1,0.54,1
93.36,123.05,63.25,80.03,1.53,0.41,1
85.14,111.24,65.42,66.21,1.61,0.47,1
110.38,80.63,111.14,70.29,0.94,0.47,1
109.39,135.06,67.62,22.35,1.46,0.39,1
67.73,80.54,163.88,65.42,1.55,0.25,1
57.74,100.74,88.36,64.0,1.38,0.39,1
106.25,73.4,107.15,40.76,0.99,0.46,1
122.68,103.57,60.11,59.38,1.35,0.11,1
91.52,121.31,130.68,63.71,1.55,0.06,1
126.49,84.9,102.68,66.28,1.66,0.22,1
125.69,98.01,91.04,67.24,1.23,0.35,1
108.43,111.03,97.11,81.97,1.58,0.19,1
131.72,75.34,109.7,79.3,1.02,0.36,1
98.29,86.03,128.77,60.19,1.24,0.36,1
127.14,101.46,124.16,77.96,0.96,0.27,1
95.95,116.98,29.38,108.24,1.51,0.37,1
139.54,163.59,116.77,84.23,1.43,0.33,1
98.11,84.35,77.82,49.74,1.38,0.1,1
114.77,104.09,98.67,62.17,2.02,0.55,1
78.89,110.82,79.8,54.78,1.13,0.41,1
92.97,129.2,119.84,90.61,1.23,0.42,1
125.81,93.15,75.71,94.14,1.45,0.45,1
89.45,74.52,80.76,68.14,1.19,0.35,1
67.79,77.0,111.77,79.06,1.32,0.2,1
84.31,95.67,111.11,83.92,1.3,0.18,1
116.7,84.41,82.04,89.88,1.57,0.37,1
78.2,110.28,121.57,64.37,1.67,0.54,1
151.59,112.63,109.68,91.21,1.49,0.27,1
98.79,110.96,62.74,67.85,1.62,0.02,1
148.36,133.06,83.51,78.15,1.4,0.53,1
134.57,70.0,109.68,66.92,1.42,0.24,1
153.7,131.0,76.51,49.98,1.32,0.42,1
116.01,136.33,114.75,84.54,1.47,0.14,1
105.11,131.5,93.71,77.55,1.34,0.2,1
106.92,112.73,78.61,66.46,1.21,0.52,1
102.64,141.32,133.22,68.78,1.2,0.04,1
73.2,70.65,129.46,71.74,1.48,0.02,1
80.05,127.18,102.17,67.79,1.51,0.6,1
104.47,106.73,99.81,105.88,0.98,0.45,1
107.13,119.17,78.57,69.27,1.54,0.82,1
130.2,83.8,84.41,63.2,1.04,0.3,1
128.32,73.14,121.21,77.32,1.25,0.33,1
149.96,123.34,95.22,66.43,1.42,0.27,1
57.38,156.05,98.88,75.97,1.39,0.24,1
105.35,65.02,151.93,51.48,1.19,0.28,1
142.2,105.36,64.1,88.82,1.55,0.43,1
127.89,164.86,149.63,59.7,1.72,0.41,1
122.48,62.69,90.74,57.81,1.57,0.51,1
58.14,104.45,123.05,67.2,1.55,0.4,1
118.54,98.22,64.59,53.18,1.54,0.35,1
106.54,94.4,87.37,85.7,1.33,0.15,1
128.59,99.88,95.78,94.11,1.4,0.39,1
80.53,99.51,110.24,46.67,1.44,0.37,1
111.03,130.93,103.36,92.17,1.2,0.37,1
112.11,78.27,118.91,104.87,1.4,0.43,1
112.11,87.16,49.48,59.41,1.12,0.61,1
107.12,96.35,117.23,53.17,1.25,0.36,1
135.72,117.54,101.21,71.17,1.48,0.38,1
84.25,106.15,68.16,71.22,1.3,0.73,1
109.0,69.89,91.65,77.79,1.73,0.26,1
70.44,125.42,60.49,63.46,1.35,0.34,1
127.23,87.91,88.16,69.79,1.43,0.36,1
120.9,126.1,104.82,76.8,1.08,0.36,1
121.99,123.22,77.69,60.11,1.29,0.43,1
135.85,94.81,117.7,71.85,1.38,0.32,1
128.67,113.14,151.9,57.22,1.5,0.27,1
88.27,104.73,98.43,113.77,1.36,0.18,1
116.83,53.13,92.7,70.24,1.56,0.5,1
97.41,101.23,75.85,53.08,1.46,0.16,1
99.63,80.12,108.74,97.02,1.14,0.07,1
106.88,105.39,100.47,63.31,1.36,0.41,1
136.01,56.12,85.78,73.21,1.22,0.61,1
94.11,103.97,108.9,61.13,1.03,0.29,1
135.74,96.58,73.84,83.89,1.33,0.27,1
113.74,124.27,154.54,82.41,1.63,0.27,1
84.35,106.56,97.68,53.82,1.36,0.41,1
119.01,117.61,102.27,62.39,1.3,0.17,1
154.62,105.34,89.38,56.07,1.99,0.19,1
99.28,115.4,110.01,84.37,1.76,0.43,1
83.6,98.58,102.7,101.02,1.12,0.53,1
114.5,125.95,92.45,57.36,1.55,0.45,1
134.3,104.67,80.0,46.62,1.56,0.41,1
85.86,91.54,83.33,47.76,1.24,0.18,1
99.69,86.53,54.32,100.34,1.65,0.23,1
116.81,115.44,124.78,57.72,1.62,0.27,1
76.6,123.1,127.27,108.82,1.16,0.45,1
99.75,124.58,58.24,51.06,1.24,0.36,1
93.97,121.48,120.67,78.99,1.72,0.41,1
79.58,139.08,79.87,83.66,1.71,0.42,1
72.6,82.04,128.07,67.46,1.42,0.46,1
127.41,111.97,89.78,65.31,1.57,0.43,1
103.57,132.05,91.77,57.23,1.25,0.2,1
103.19,135.84,74.87,72.83,1.27,0.31,1
72.25,99.49,90.16,78.1,1.44,0.17,1
137.1,110.26,99.96,69.86,1.3,0.38,1
121.89,61.33,81.53,66.18,1.45,0.53,1
90.71,92.55,82.19,57.98,1.33,0.47,1
83.65,115.7,52.45,61.58,1.33,0.6,1
103.13,49.97,45.03,70.51,1.52,0.41,1
114.19,134.06,81.51,83.42,1.07,0.21,1
64.82,98.13,93.84,71.71,1.41,0.21,1
105.24,67.56,129.08,65.45,1.3,0.59,1
78.94,76.86,67.59,68.98,1.49,0.46,1
174.3,48.76,110.22,61.64,1.28,0.26,1
87.28,147.11,116.06,70.35,1.67,0.12,1
76.73,50.55,77.51,72.43,1.42,0.37,1
74.72,125.08,100.99,81.0,1.02,0.4,1
80.31,95.07,108.36,71.37,1.23,0.35,1
71.71,133.76,89.87,86.78,1.29,0.27,1
90.9,126.9,77.26,79.67,1.32,0.05,1
95.74,75.52,95.85,52.14,1.59,0.34,1
105.56,121.4,119.1,69.7,1.25,0.08,1
92.85,89.57,97.68,64.82,1.54,0.26,1
108.57,134.6,103.55,69.1,1.28,0.26,1
88.73,91.47,113.89,66.67,1.13,0.62,1
118.0,69.83,83.95,71.66,1.74,0.18,1
134.4,139.99,79.28,65.84,1.19,0.32,1
109.09,121.49,122.25,58.78,1.01,0.35,1
117.34,111.24,86.83,71.87,1.7,0.41,1
100.67,92.5,90.75,94.55,1.36,0.35,1
97.94,132.47,144.0,76.76,1.42,0.36,1
50.39,123.63,98.35,76.43,1.26,0.29,1
99.72,130.54,85.53,101.24,1.49,0.16,1
106.79,88.71,40.14,93.99,1.54,0.43,1
114.14,70.45,82.91,82.63,1.19,-0.03,1
104.32,101.46,98.39,80.93,1.53,0.39,1
139.89,67.03,107.61,79.4,1.15,0.12,1
91.35,88.46,113.84,60.78,1.23,0.26,1
137.97,105.33,90.52,68.35,1.66,0.24,1
142.89,110.26,90.99,107.51,1.19,0.3,1
79.19,128.81,137.23,95.05,1.64,0.32,1
100.87,63.22,145.9,77.03,1.3,0.55,1
85.68,115.17,90.68,79.58,1.39,0.13,1
111.89,131.22,94.27,81.63,1.19,0.35,1
94.39,123.67,95.79,80.35,1.62,0.45,1
116.83,80.04,94.93,62.0,1.33,0.29,1
85.5,56.07,78.3,72.9,1.13,0.35,1
157.51,130.58,136.09,75.87,1.63,0.24,1
93.89,36.52,124.65,93.1,1.29,0.31,1
91.15,114.57,123.12,43.86,1.48,0.31,1
112.83,116.47,90.29,68.45,1.36,0.5,1
120.47,110.51,63.23,64.32,1.58,0.36,1
126.49,149.16,120.97,71.4,1.3,-0.03,1
105.79,96.85,104.76,67.69,1.34,0.08,1
86.5,116.92,137.9,68.54,1.47,0.49,1
89.73,114.17,76.49,82.97,1.43,0.39,1
90.44,122.68,147.12,54.88,1.33,0.38,1
129.66,91.01,24.17,90.39,1.55,0.09,1
94.81,144.2,131.19,84.08,1.36,0.36,1
106.73,133.21,73.1,57.91,1.6,0.34,1
144.46,88.21,93.63,56.16,1.4,0.13,1
97.81,69.09,112.35,80.75,1.05,0.55,1
172.44,106.15,78.97,112.36,1.14,0.35,1
114.49,138.63,103.99,62.52,1.21,0.3,1
84.83,106.2,80.9,47.59,1.65,0.28,1
78.3,100.79,96.71,43.8,1.47,0.19,1
152.78,118.1,85.0,58.82,1.38,0.44,1
109.36,99.57,96.46,60.94,1.33,0.04,1
134.34,112.47,75.66,98.48,1.42,0.19,1
131.42,114.95,104.86,63.61,1.49,0.31,1
123.9,57.38,84.15,95.83,1.25,0.26,1
98.8,74.63,39.79,66.54,1.43,0.34,1
106.38,106.08,120.57,67.14,1.29,0.31,1
124.48,140.3,79.3,71.48,1.47,0.2,1
110.51,68.36,50.77,75.5,1.32,0.38,1
109.55,80.59,93.87,51.5,1.68,0.15,1
105.11,78.94,109.26,65.03,1.3,0.48,1
110.74,117.92,70.47,48.93,1.42,0.3,1
125.66,103.0,100.13,45.65,1.78,0.33,1
127.44,84.1,102.7,50.46,1.49,0.3,1
110.73,122.45,64.19,59.73,1.49,0.66,1
106.55,119.78,92.33,99.13,1.05,0.36,1
69.36,42.34,102.44,72.09,1.34,0.33,1
187.46,98.55,107.75,60.26,1.46,0.31,1
99.74,150.47,124.43,72.05,0.94,0.3,1
177.58,99.23,122.58,91.63,1.44,0.22,1
49.12,122.1,74.63,72.64,1.15,0.31,1
110.84,111.71,67.13,87.95,1.28,0.1,1
107.27,105.86,99.01,90.43,1.35,0.33,1
82.42,125.51,99.61,63.7,1.02,0.57,1
79.31,90.22,103.96,52.05,1.1,0.03,1
128.02,91.37,168.18,55.08,1.22,0.27,1
116.08,93.24,110.31,55.32,1.12,0.08,1
54.41,92.05,87.48,60.53,1.65,0.53,1
101.63,60.15,80.83,61.0,1.27,0.25,1
93.66,95.34,79.11,73.12,1.47,0.21,1
141.78,80.5,54.55,75.71,1.24,0.4,1
49.91,139.81,111.81,47.49,1.1,0.6,1
91.57,84.15,38.35,64.74,1.35,0.46,1
75.02,66.99,106.27,85.1,1.09,0.51,1
110.94,132.3,93.24,32.17,1.37,0.51,1
87.66,95.3,90.6,26.51,1.73,0.21,1
122.64,102.83,126.44,76.09,1.35,0.22,1
129.95,58.16,111.15,53.51,1.65,0.37,1
126.1,107.05,51.19,57.09,1.53,0.37,1
139.52,115.08,70.83,58.06,1.42,0.0,1
151.84,116.04,125.68,46.29,1.65,0.68,1
76.98,124.29,95.03,46.83,1.5,0.48,1
94.97,134.15,53.33,47.58,1.43,0.35,1
92.09,125.24,108.27,82.87,1.38,0.44,1
98.86,156.35,74.69,101.58,1.41,0.14,1
144.2,108.15,116.28,88.36,1.47,0.26,1
134.39,105.02,112.15,37.69,1.49,0.25,1
151.33,120.58,101.0,77.29,1.2,0.59,1
159.78,114.82,134.76,61.46,1.24,0.36,1
120.87,95.15,108.44,74.6,1.2,0.43,1
131.59,109.29,123.82,51.74,1.49,0.17,1
