thumb_ext,index_ext,middle_ext,ring_ext,pinky_ext,gesture_id
0.975,0.943,0.982,1.0,0.938,0
0.938,1.0,0.988,0.927,0.977,0
0.927,0.927,0.962,0.854,0.864,0
0.922,0.899,0.966,0.905,0.879,0
1.0,0.939,0.953,0.879,0.923,0
0.956,0.892,0.969,0.92,0.935,0
0.92,1.0,0.949,0.897,0.991,0
0.889,0.96,0.852,0.884,0.96,0
0.987,0.959,0.944,0.935,0.876,0
0.914,0.927,1.0,0.967,0.862,0
0.966,0.931,0.916,0.981,1.0,0
0.997,0.908,0.935,0.967,0.999,0
0.926,0.941,0.895,0.89,0.991,0
1.0,0.946,1.0,0.968,0.918,0
0.968,1.0,0.948,1.0,0.819,0
0.991,0.954,0.935,0.955,0.851,0
0.939,0.968,1.0,0.924,0.91,0
0.925,0.996,0.966,0.924,0.976,0
0.955,0.998,0.915,0.934,0.93,0
0.877,0.965,0.963,0.95,0.938,0
0.879,0.929,0.933,0.91,0.942,0
0.97,1.0,0.959,0.963,0.946,0
0.854,0.949,0.953,1.0,0.94,0
0.965,0.948,0.892,1.0,0.988,0
0.99,0.905,1.0,0.88,0.979,0
1.0,0.9,0.922,0.955,0.925,0
0.872,0.953,0.897,0.974,0.904,0
1.0,0.911,0.934,0.991,0.888,0
0.961,1.0,0.87,0.959,0.963,0
0.989,0.888,0.884,0.976,0.965,0
0.963,0.967,0.916,0.962,0.965,0
0.914,1.0,0.974,0.89,0.983,0
0.901,0.989,1.0,0.909,0.998,0
0.971,0.991,1.0,0.938,0.912,0
0.906,0.909,0.946,0.967,0.964,0
0.991,0.951,1.0,0.937,1.0,0
0.981,0.907,0.896,0.974,0.939,0
0.986,0.974,0.946,0.908,0.874,0
0.928,0.993,0.961,0.888,0.959,0
0.969,0.906,0.958,0.953,0.893,0
0.968,0.978,1.0,1.0,0.881,0
0.903,0.976,0.976,0.976,1.0,0
0.979,1.0,0.998,0.983,0.934,0
0.988,0.911,0.938,0.926,0.954,0
1.0,0.857,0.984,0.869,0.926,0
1.0,0.953,0.896,0.914,0.984,0
0.913,0.961,0.952,0.917,1.0,0
0.982,0.849,0.959,0.917,0.993,0
0.91,0.944,0.975,0.993,0.89,0
0.933,0.926,0.917,1.0,0.97,0
0.887,0.996,1.0,1.0,0.874,0
0.926,1.0,0.915,0.972,0.989,0
0.904,0.947,0.788,0.899,0.937,0
0.888,1.0,0.878,0.928,0.957,0
1.0,0.878,1.0,0.951,0.901,0
0.973,0.96,0.92,0.953,0.931,0
0.956,0.983,1.0,0.888,1.0,0
0.852,0.942,0.979,0.964,0.919,0
0.94,0.925,0.921,0.992,0.968,0
0.915,0.995,0.965,0.991,0.981,0
0.909,0.922,0.987,0.981,0.949,0
0.956,1.0,0.92,0.977,0.94,0
0.939,1.0,0.991,0.991,1.0,0
0.951,0.984,0.934,0.966,0.943,0
0.955,0.98,0.909,1.0,0.9,0
0.889,1.0,0.99,0.981,0.981,0
0.949,0.905,0.954,0.916,0.999,0
0.943,0.909,0.934,0.971,0.922,0
0.909,0.962,0.962,0.925,0.926,0
0.962,0.878,0.88,0.914,0.939,0
0.966,1.0,0.993,0.942,0.949,0
0.9,0.949,0.936,0.966,0.909,0
0.976,1.0,0.945,0.97,0.985,0
0.93,0.961,0.951,0.955,0.911,0
0.951,0.975,1.0,0.998,1.0,0
0.912,0.994,0.959,1.0,0.91,0
0.908,0.92,0.844,0.924,0.912,0
0.958,0.967,1.0,0.998,0.921,0
0.905,0.975,0.884,1.0,1.0,0
0.927,0.864,1.0,0.944,1.0,0
0.87,0.92,0.95,0.952,0.927,0
0.981,0.897,0.943,0.956,0.976,0
0.986,0.894,0.873,1.0,0.967,0
0.913,1.0,0.956,1.0,0.953,0
1.0,1.0,0.938,0.999,0.982,0
1.0,0.902,0.984,1.0,0.862,0
0.891,0.848,0.937,0.986,1.0,0
0.954,1.0,0.881,0.865,0.947,0
0.969,0.948,0.847,0.946,0.885,0
0.983,0.968,0.903,0.924,0.897,0
0.947,0.998,0.901,0.975,0.923,0
0.91,0.945,0.898,0.922,0.89,0
1.0,0.952,0.915,0.961,0.944,0
0.939,0.981,0.988,0.923,0.921,0
0.936,0.835,0.874,1.0,1.0,0
0.938,0.979,0.966,1.0,1.0,0
0.944,0.902,0.87,0.96,0.912,0
0.879,0.918,0.896,1.0,0.994,0
0.95,1.0,0.954,0.907,1.0,0
0.977,0.898,0.94,0.906,0.881,0
0.996,1.0,0.88,0.978,0.917,0
0.926,0.92,0.907,0.952,0.908,0
0.964,0.947,0.938,0.905,0.921,0
0.988,0.975,0.901,0.955,0.988,0
0.867,0.977,0.917,0.979,0.912,0
0.86,0.869,0.952,0.963,0.905,0
0.982,0.867,0.947,0.889,0.917,0
0.952,0.907,0.931,1.0,0.921,0
0.992,0.894,0.976,1.0,0.826,0
0.91,0.979,0.94,0.969,0.92,0
0.954,0.942,1.0,0.963,0.967,0
0.929,0.926,0.928,0.97,0.929,0
0.964,1.0,0.994,0.934,1.0,0
0.93,0.848,0.9,0.856,0.932,0
0.951,1.0,0.966,0.939,0.991,0
0.839,0.962,0.989,0.876,1.0,0
0.967,0.929,0.982,1.0,0.959,0
0.962,0.927,0.908,0.992,0.907,0
0.954,0.926,0.974,0.967,1.0,0
0.924,0.937,0.901,0.928,0.969,0
0.988,0.904,0.993,1.0,0.971,0
1.0,0.911,0.888,0.861,1.0,0
0.983,0.947,0.964,0.894,1.0,0
0.956,0.955,0.986,0.974,0.961,0
0.91,0.974,1.0,1.0,1.0,0
0.924,0.901,0.944,0.953,1.0,0
0.865,1.0,0.942,0.929,0.899,0
0.867,0.991,0.954,0.886,0.885,0
0.933,1.0,0.937,0.875,0.938,0
0.936,0.815,0.947,0.938,0.985,0
1.0,1.0,0.937,0.895,1.0,0
0.953,0.951,0.949,0.96,0.943,0
0.921,0.923,0.948,0.923,0.914,0
0.955,0.937,1.0,0.817,1.0,0
1.0,0.846,0.933,0.931,0.88,0
0.911,0.894,1.0,0.997,1.0,0
0.986,0.894,0.924,0.974,0.889,0
0.986,0.938,0.931,0.986,0.972,0
0.932,1.0,0.896,0.981,0.98,0
0.935,0.966,0.887,0.996,0.941,0
0.924,1.0,0.915,0.88,0.872,0
0.98,0.886,1.0,0.846,1.0,0
0.961,0.945,0.923,0.97,0.948,0
1.0,0.956,0.958,0.932,0.947,0
0.965,0.864,0.883,0.987,0.959,0
0.941,0.951,0.967,0.923,0.911,0
0.96,0.901,0.97,0.865,1.0,0
0.974,0.963,0.999,1.0,1.0,0
0.858,0.886,0.919,0.951,0.976,0
0.914,0.959,0.912,0.919,0.88,0
0.904,0.882,0.901,1.0,0.903,0
1.0,0.975,0.959,0.907,0.985,0
0.921,0.956,1.0,0.945,1.0,0
0.915,0.948,1.0,0.919,1.0,0
0.985,0.922,0.982,0.999,0.981,0
0.871,0.914,0.938,0.946,0.981,0
0.959,0.883,0.969,0.981,0.978,0
1.0,0.992,0.973,0.946,0.867,0
0.971,0.96,0.964,0.886,0.896,0
1.0,0.948,0.984,0.951,0.951,0
0.997,0.924,0.955,0.927,0.928,0
0.935,0.961,0.926,1.0,0.905,0
0.941,0.928,1.0,0.96,1.0,0
0.876,0.963,0.994,0.954,1.0,0
0.924,1.0,1.0,0.932,0.928,0
1.0,1.0,0.924,0.929,0.936,0
0.883,0.904,0.9,0.912,0.948,0
0.962,1.0,0.9,0.999,0.939,0
0.948,0.984,0.894,0.969,0.958,0
0.975,0.964,1.0,0.918,0.923,0
0.919,0.922,0.918,1.0,1.0,0
0.921,0.908,0.974,0.922,0.982,0
0.96,0.874,1.0,1.0,0.919,0
0.931,0.964,0.967,0.983,1.0,0
0.941,0.91,0.881,0.913,0.948,0
1.0,0.924,0.961,0.949,1.0,0
1.0,0.923,0.926,1.0,0.984,0
1.0,0.979,0.932,0.98,1.0,0
0.991,0.975,1.0,1.0,1.0,0
0.982,0.942,0.957,1.0,0.909,0
0.968,0.93,0.951,1.0,0.96,0
0.952,0.882,0.987,0.982,1.0,0
0.935,0.961,0.962,1.0,0.945,0
0.964,0.98,0.959,0.928,0.96,0
1.0,0.899,0.957,0.915,1.0,0
0.874,0.922,0.969,1.0,0.947,0
0.922,1.0,0.878,0.84,0.972,0
0.925,0.899,0.985,0.962,0.922,0
0.886,0.994,0.983,0.945,1.0,0
0.896,0.874,0.915,0.948,0.962,0
0.938,0.968,0.887,1.0,0.946,0
1.0,0.967,0.973,0.978,0.972,0
0.982,1.0,0.96,0.985,0.946,0
1.0,0.916,1.0,0.948,0.878,0
0.956,0.916,0.992,0.917,0.928,0
0.856,0.927,0.829,0.871,0.988,0
0.989,0.971,0.902,0.948,0.95,0
0.892,1.0,0.994,0.939,0.951,0
0.96,0.848,0.938,0.916,0.9,0
0.936,1.0,0.982,0.921,0.979,0
1.0,0.996,0.953,0.918,0.985,0
0.97,0.995,0.982,1.0,0.923,0
1.0,0.96,1.0,0.916,1.0,0
0.96,0.917,0.926,0.934,0.971,0
0.976,0.921,0.949,1.0,1.0,0
0.972,0.952,0.956,0.981,0.899,0
0.937,0.867,0.97,0.982,0.926,0
1.0,0.889,0.877,0.961,1.0,0
1.0,0.927,1.0,0.948,0.941,0
0.994,0.983,0.871,1.0,1.0,0
0.919,0.97,0.975,0.963,0.922,0
0.916,0.949,1.0,0.977,0.931,0
0.989,0.808,1.0,0.863,0.932,0
0.894,0.885,1.0,0.927,0.967,0
0.948,0.974,0.954,0.886,1.0,0
0.925,0.872,0.929,1.0,0.993,0
0.933,0.933,0.934,1.0,0.969,0
0.972,1.0,0.962,0.937,0.94,0
0.946,0.948,0.986,0.953,0.987,0
0.946,0.954,0.85,0.996,0.967,0
1.0,0.805,1.0,0.943,1.0,0
0.898,0.981,0.897,0.919,1.0,0
0.94,0.961,0.994,0.975,0.958,0
0.968,1.0,0.947,0.96,1.0,0
1.0,1.0,0.982,0.893,1.0,0
0.893,0.965,0.912,0.947,0.966,0
0.966,0.971,1.0,0.973,0.938,0
0.998,1.0,0.889,0.98,0.985,0
0.935,1.0,0.942,0.956,0.941,0
0.951,0.895,0.878,1.0,0.908,0
0.9,0.842,0.918,0.884,1.0,0
1.0,0.916,1.0,0.999,0.934,0
0.825,1.0,0.881,0.868,1.0,0
1.0,1.0,0.978,0.98,0.993,0
0.988,0.964,0.955,0.947,0.912,0
0.936,0.865,0.945,0.901,0.895,0
0.959,1.0,0.996,0.871,0.901,0
0.997,0.901,0.939,0.978,0.902,0
0.955,0.883,0.92,0.966,0.87,0
0.972,0.949,0.978,0.961,1.0,0
0.956,0.929,0.956,0.977,0.952,0
0.952,0.915,0.917,0.88,1.0,0
0.888,0.915,0.914,0.995,0.935,0
1.0,0.916,0.964,0.908,1.0,0
0.891,0.965,0.982,0.971,0.941,0
0.944,0.952,0.943,0.998,1.0,0
0.922,0.882,0.946,1.0,0.91,0
1.0,1.0,0.922,0.978,1.0,0
0.931,0.94,0.921,0.899,0.918,0
0.889,0.952,0.912,0.962,0.872,0
0.117,0.083,0.0,0.065,0.099,1
0.04,0.117,0.067,0.022,0.048,1
0.128,0.053,0.072,0.013,0.057,1
0.029,0.046,0.014,0.021,0.099,1
0.155,0.074,0.006,0.037,0.099,1
0.107,0.143,0.066,0.058,0.038,1
0.107,0.044,0.078,0.088,0.019,1
0.033,0.0,0.07,0.006,0.0,1
0.119,0.15,0.05,0.084,0.053,1
0.095,0.087,0.038,0.061,0.063,1
0.067,0.09,0.043,0.02,0.071,1
0.055,0.051,0.05,0.093,0.069,1
0.099,0.083,0.106,0.072,0.05,1
0.034,0.007,0.038,0.026,0.043,1
0.103,0.071,0.047,0.069,0.053,1
0.001,0.012,0.044,0.002,0.074,1
0.177,0.099,0.041,0.11,0.056,1
0.083,0.025,0.038,0.034,0.057,1
0.108,0.05,0.067,0.098,0.088,1
0.026,0.0,0.087,0.0,0.041,1
0.041,0.0,0.072,0.08,0.027,1
0.0,0.028,0.066,0.0,0.057,1
0.099,0.073,0.055,0.011,0.098,1
0.092,0.049,0.013,0.032,0.015,1
0.091,0.118,0.0,0.0,0.109,1
0.09,0.023,0.092,0.026,0.123,1
0.134,0.03,0.136,0.026,0.08,1
0.115,0.102,0.112,0.051,0.02,1
0.123,0.023,0.131,0.055,0.035,1
0.109,0.0,0.011,0.098,0.024,1
0.048,0.071,0.097,0.079,0.09,1
0.062,0.0,0.11,0.037,0.04,1
0.166,0.072,0.068,0.137,0.024,1
0.146,0.052,0.061,0.111,0.07,1
0.127,0.093,0.035,0.016,0.008,1
0.002,0.132,0.006,0.041,0.039,1
0.115,0.083,0.084,0.027,0.043,1
0.114,0.04,0.114,0.07,0.079,1
0.133,0.097,0.057,0.0,0.066,1
0.067,0.029,0.073,0.1,0.051,1
0.115,0.118,0.06,0.154,0.073,1
0.012,0.08,0.065,0.102,0.077,1
0.093,0.001,0.042,0.016,0.027,1
0.129,0.117,0.066,0.002,0.068,1
0.16,0.026,0.045,0.051,0.019,1
0.132,0.045,0.067,0.015,0.033,1
0.136,0.035,0.119,0.034,0.059,1
0.147,0.0,0.0,0.0,0.101,1
0.072,0.152,0.027,0.057,0.112,1
0.2,0.132,0.098,0.091,0.074,1
0.139,0.028,0.017,0.05,0.043,1
0.077,0.078,0.088,0.054,0.109,1
0.043,0.042,0.021,0.0,0.047,1
0.094,0.111,0.075,0.009,0.124,1
0.161,0.073,0.041,0.012,0.035,1
0.154,0.125,0.112,0.03,0.005,1
0.107,0.0,0.063,0.044,0.031,1
0.02,0.071,0.029,0.003,0.0,1
0.099,0.121,0.116,0.032,0.026,1
0.123,0.01,0.062,0.081,0.099,1
0.095,0.042,0.015,0.017,0.041,1
0.118,0.087,0.018,0.11,0.039,1
0.099,0.02,0.0,0.085,0.079,1
0.086,0.053,0.071,0.0,0.029,1
0.14,0.0,0.062,0.0,0.069,1
0.098,0.0,0.097,0.021,0.018,1
0.11,0.096,0.009,0.052,0.067,1
0.135,0.057,0.035,0.017,0.053,1
0.046,0.0,0.067,0.086,0.0,1
0.05,0.075,0.132,0.051,0.021,1
0.091,0.105,0.024,0.018,0.031,1
0.052,0.055,0.115,0.063,0.04,1
0.085,0.0,0.085,0.047,0.043,1
0.26,0.062,0.02,0.033,0.096,1
0.106,0.0,0.087,0.023,0.125,1
0.154,0.032,0.101,0.053,0.084,1
0.124,0.016,0.024,0.091,0.037,1
0.08,0.012,0.067,0.133,0.007,1
0.101,0.106,0.047,0.068,0.008,1
0.121,0.043,0.089,0.097,0.154,1
0.129,0.063,0.058,0.036,0.064,1
0.085,0.057,0.103,0.01,0.096,1
0.166,0.045,0.0,0.026,0.102,1
0.099,0.01,0.03,0.084,0.072,1
0.088,0.035,0.034,0.013,0.115,1
0.084,0.099,0.111,0.09,0.033,1
0.12,0.049,0.014,0.063,0.003,1
0.159,0.031,0.058,0.061,0.04,1
0.129,0.031,0.085,0.0,0.055,1
0.197,0.01,0.023,0.071,0.057,1
0.118,0.07,0.075,0.094,0.066,1
0.088,0.077,0.126,0.045,0.011,1
0.155,0.045,0.0,0.084,0.029,1
0.095,0.063,0.058,0.078,0.033,1
0.126,0.04,0.08,0.075,0.013,1
0.154,0.029,0.082,0.065,0.124,1
0.089,0.036,0.049,0.038,0.082,1
0.019,0.008,0.007,0.088,0.118,1
0.095,0.043,0.053,0.096,0.013,1
0.112,0.089,0.07,0.058,0.09,1
0.0,0.077,0.024,0.0,0.07,1
0.169,0.045,0.088,0.114,0.103,1
0.182,0.08,0.053,0.0,0.04,1
0.058,0.137,0.043,0.055,0.072,1
0.102,0.118,0.025,0.058,0.02,1
0.034,0.026,0.049,0.033,0.022,1
0.03,0.047,0.0,0.08,0.053,1
0.027,0.038,0.02,0.063,0.104,1
0.006,0.055,0.044,0.077,0.059,1
0.062,0.037,0.018,0.093,0.051,1
0.195,0.048,0.022,0.0,0.0,1
0.021,0.061,0.07,0.0,0.086,1
0.076,0.056,0.114,0.086,0.039,1
0.055,0.0,0.021,0.042,0.011,1
0.093,0.053,0.041,0.024,0.057,1
0.122,0.006,0.106,0.046,0.051,1
0.135,0.059,0.088,0.061,0.026,1
0.118,0.004,0.054,0.049,0.042,1
0.094,0.0,0.028,0.054,0.056,1
0.049,0.101,0.015,0.089,0.067,1
0.068,0.121,0.002,0.087,0.09,1
0.066,0.106,0.04,0.062,0.06,1
0.093,0.082,0.082,0.0,0.102,1
0.017,0.091,0.095,0.006,0.034,1
0.045,0.041,0.038,0.081,0.102,1
0.17,0.028,0.042,0.0,0.018,1
0.148,0.115,0.001,0.026,0.049,1
0.114,0.018,0.067,0.031,0.049,1
0.127,0.05,0.033,0.046,0.046,1
0.081,0.04,0.114,0.072,0.038,1
0.135,0.037,0.097,0.065,0.046,1
0.122,0.0,0.005,0.002,0.056,1
0.187,0.139,0.076,0.07,0.0,1
0.073,0.018,0.025,0.043,0.031,1
0.001,0.08,0.007,0.06,0.133,1
0.054,0.0,0.039,0.094,0.128,1
0.039,0.07,0.031,0.046,0.156,1
0.025,0.06,0.069,0.093,0.054,1
0.115,0.034,0.061,0.036,0.075,1
0.082,0.065,0.049,0.095,0.048,1
0.011,0.1,0.014,0.024,0.026,1
0.169,0.0,0.176,0.092,0.059,1
0.097,0.061,0.071,0.076,0.072,1
0.104,0.042,0.044,0.042,0.095,1
0.13,0.0,0.076,0.058,0.049,1
0.081,0.095,0.088,0.019,0.066,1
0.051,0.0,0.025,0.084,0.088,1
0.126,0.079,0.071,0.024,0.067,1
0.14,0.08,0.098,0.078,0.064,1
0.154,0.049,0.015,0.043,0.02,1
0.066,0.044,0.018,0.038,0.0,1
0.111,0.05,0.017,0.076,0.088,1
0.02,0.019,0.019,0.012,0.083,1
0.09,0.039,0.0,0.075,0.0,1
0.103,0.061,0.104,0.0,0.0,1
0.109,0.122,0.1,0.058,0.03,1
0.14,0.011,0.069,0.07,0.092,1
0.238,0.066,0.03,0.049,0.0,1
0.065,0.034,0.029,0.056,0.017,1
0.156,0.05,0.05,0.037,0.056,1
0.141,0.015,0.024,0.038,0.0,1
0.059,0.031,0.085,0.061,0.058,1
0.143,0.045,0.066,0.046,0.061,1
0.071,0.0,0.045,0.107,0.087,1
0.148,0.099,0.054,0.058,0.025,1
0.084,0.075,0.098,0.044,0.032,1
0.1,0.074,0.0,0.0,0.028,1
0.039,0.03,0.044,0.032,0.108,1
0.116,0.062,0.075,0.004,0.092,1
0.096,0.077,0.007,0.0,0.083,1
0.119,0.014,0.015,0.095,0.002,1
0.182,0.014,0.076,0.037,0.074,1
0.073,0.043,0.052,0.01,0.08,1
0.074,0.041,0.01,0.0,0.042,1
0.221,0.081,0.049,0.039,0.051,1
0.127,0.003,0.095,0.079,0.079,1
0.122,0.051,0.077,0.074,0.036,1
0.071,0.054,0.112,0.0,0.0,1
0.108,0.052,0.057,0.06,0.041,1
0.174,0.0,0.017,0.046,0.0,1
0.091,0.116,0.051,0.059,0.0,1
0.069,0.035,0.037,0.101,0.072,1
0.044,0.06,0.07,0.096,0.113,1
0.049,0.018,0.0,0.041,0.069,1
0.149,0.047,0.037,0.056,0.017,1
0.204,0.0,0.057,0.131,0.05,1
0.09,0.036,0.043,0.105,0.0,1
0.177,0.0,0.039,0.033,0.074,1
0.02,0.068,0.131,0.0,0.058,1
0.067,0.067,0.051,0.024,0.07,1
0.19,0.042,0.079,0.0,0.012,1
0.124,0.109,0.064,0.037,0.05,1
0.037,0.074,0.085,0.032,0.031,1
0.113,0.033,0.047,0.134,0.04,1
0.082,0.024,0.08,0.043,0.024,1
0.166,0.107,0.026,0.0,0.09,1
0.066,0.082,0.0,0.086,0.002,1
0.137,0.051,0.012,0.034,0.077,1
0.105,0.073,0.129,0.0,0.115,1
0.105,0.014,0.0,0.042,0.087,1
0.094,0.11,0.0,0.05,0.0,1
0.118,0.085,0.033,0.0,0.058,1
0.122,0.066,0.099,0.007,0.077,1
0.16,0.0,0.063,0.03,0.047,1
0.117,0.031,0.023,0.051,0.007,1
0.046,0.077,0.004,0.077,0.069,1
0.014,0.023,0.098,0.011,0.031,1
0.123,0.081,0.04,0.026,0.107,1
0.187,0.089,0.053,0.018,0.017,1
0.126,0.067,0.106,0.076,0.0,1
0.153,0.01,0.035,0.06,0.13,1
0.255,0.074,0.043,0.071,0.086,1
0.084,0.122,0.059,0.07,0.077,1
0.121,0.084,0.025,0.028,0.006,1
0.122,0.081,0.068,0.117,0.05,1
0.133,0.006,0.035,0.078,0.084,1
0.085,0.047,0.0,0.036,0.086,1
0.129,0.07,0.052,0.05,0.024,1
0.135,0.067,0.07,0.029,0.0,1
0.155,0.031,0.015,0.078,0.034,1
0.153,0.075,0.077,0.0,0.098,1
0.113,0.035,0.056,0.0,0.066,1
0.049,0.0,0.0,0.095,0.025,1
0.177,0.029,0.0,0.005,0.099,1
0.092,0.028,0.056,0.07,0.095,1
0.172,0.036,0.0,0.033,0.06,1
0.052,0.012,0.064,0.048,0.051,1
0.062,0.041,0.013,0.086,0.091,1
0.008,0.013,0.0,0.024,0.047,1
0.028,0.013,0.01,0.058,0.053,1
0.064,0.057,0.028,0.039,0.117,1
0.167,0.0,0.083,0.082,0.004,1
0.141,0.112,0.005,0.013,0.091,1
0.114,0.072,0.064,0.066,0.0,1
0.152,0.097,0.041,0.048,0.0,1
0.126,0.073,0.048,0.095,0.037,1
0.128,0.009,0.049,0.043,0.059,1
0.082,0.045,0.083,0.033,0.0,1
0.187,0.105,0.0,0.078,0.03,1
0.113,0.062,0.041,0.019,0.022,1
0.054,0.017,0.047,0.021,0.077,1
0.174,0.027,0.06,0.07,0.069,1
0.104,0.08,0.069,0.0,0.085,1
0.144,0.019,0.052,0.077,0.042,1
0.154,0.145,0.019,0.0,0.062,1
0.136,0.041,0.108,0.0,0.078,1
0.07,0.119,0.13,0.019,0.028,1
0.143,0.035,0.048,0.051,0.0,1
0.099,0.022,0.03,0.108,0.0,1
0.141,0.039,0.039,0.082,0.064,1
0.179,0.998,0.933,0.076,0.057,2
0.109,1.0,1.0,0.046,0.047,2
0.174,0.977,0.977,0.09,0.095,2
0.166,0.954,0.839,0.091,0.066,2
0.159,1.0,0.968,0.087,0.137,2
0.174,0.971,0.98,0.182,0.055,2
0.174,0.904,0.978,0.063,0.083,2
0.135,0.999,0.996,0.05,0.102,2
0.115,0.887,0.939,0.088,0.197,2
0.172,0.881,0.922,0.141,0.184,2
0.071,0.856,1.0,0.116,0.065,2
0.177,0.818,0.95,0.113,0.137,2
0.099,0.954,0.904,0.11,0.064,2
0.13,0.9,0.983,0.134,0.091,2
0.152,0.878,0.935,0.098,0.205,2
0.094,1.0,1.0,0.111,0.17,2
0.169,0.969,0.947,0.149,0.144,2
0.119,0.884,0.94,0.068,0.097,2
0.212,0.927,0.948,0.102,0.134,2
0.038,0.92,0.961,0.148,0.08,2
0.056,0.981,0.918,0.052,0.075,2
0.141,0.92,0.84,0.136,0.151,2
0.183,0.893,0.94,0.1,0.124,2
0.183,0.913,0.954,0.118,0.158,2
0.185,0.989,0.954,0.156,0.116,2
0.107,1.0,0.985,0.082,0.081,2
0.165,0.973,0.96,0.112,0.168,2
0.204,0.96,0.997,0.059,0.116,2
0.24,0.939,0.908,0.074,0.056,2
0.111,0.931,0.88,0.101,0.136,2
0.105,1.0,0.976,0.141,0.074,2
0.193,0.895,0.995,0.107,0.122,2
0.091,0.905,0.98,0.062,0.119,2
0.082,0.992,0.888,0.122,0.125,2
0.115,0.979,0.963,0.078,0.06,2
0.052,0.967,0.872,0.104,0.089,2
0.184,0.935,0.934,0.129,0.113,2
0.166,0.973,0.873,0.13,0.124,2
0.099,0.938,0.948,0.095,0.113,2
0.222,1.0,0.884,0.125,0.153,2
0.169,1.0,1.0,0.141,0.11,2
0.202,0.957,0.951,0.086,0.163,2
0.109,1.0,0.975,0.044,0.115,2
0.045,0.981,0.994,0.076,0.105,2
0.248,0.925,0.897,0.159,0.179,2
0.15,1.0,1.0,0.07,0.081,2
0.212,1.0,0.978,0.065,0.179,2
0.123,0.933,0.967,0.162,0.134,2
0.171,0.973,0.952,0.122,0.0,2
0.135,0.962,0.892,0.115,0.092,2
0.238,1.0,0.927,0.094,0.097,2
0.127,0.96,0.912,0.055,0.125,2
0.181,0.91,0.995,0.075,0.11,2
0.191,0.948,0.973,0.079,0.092,2
0.14,0.913,0.941,0.038,0.08,2
0.136,0.937,0.938,0.098,0.119,2
0.194,0.918,0.89,0.058,0.081,2
0.132,0.912,0.885,0.082,0.107,2
0.18,0.922,0.929,0.063,0.099,2
0.108,0.979,0.861,0.086,0.112,2
0.159,1.0,0.967,0.06,0.096,2
0.061,0.946,0.908,0.137,0.078,2
0.144,0.918,1.0,0.087,0.173,2
0.191,0.974,0.968,0.116,0.023,2
0.136,0.992,0.948,0.044,0.098,2
0.235,1.0,0.947,0.138,0.085,2
0.065,0.904,1.0,0.089,0.09,2
0.135,1.0,1.0,0.189,0.094,2
0.165,0.874,1.0,0.053,0.109,2
0.095,0.921,0.908,0.076,0.078,2
0.123,0.992,0.895,0.109,0.149,2
0.124,0.914,0.938,0.147,0.108,2
0.123,0.974,0.895,0.127,0.116,2
0.135,0.908,0.906,0.121,0.149,2
0.118,0.973,0.846,0.077,0.099,2
0.105,0.903,0.917,0.112,0.093,2
0.038,0.844,0.92,0.118,0.0,2
0.125,0.924,1.0,0.085,0.115,2
0.157,0.843,0.988,0.109,0.12,2
0.346,0.846,1.0,0.089,0.111,2
0.148,0.929,0.922,0.113,0.039,2
0.188,0.929,0.893,0.082,0.15,2
0.123,0.968,0.913,0.13,0.127,2
0.242,0.941,0.983,0.104,0.152,2
0.114,0.987,0.94,0.097,0.104,2
0.163,0.944,0.961,0.163,0.139,2
0.193,0.927,0.906,0.138,0.135,2
0.224,0.92,0.939,0.034,0.084,2
0.2,0.927,0.982,0.092,0.113,2
0.093,0.954,0.8,0.093,0.035,2
0.21,0.989,0.973,0.161,0.062,2
0.237,0.997,0.938,0.145,0.056,2
0.109,0.92,0.924,0.058,0.149,2
0.137,0.968,0.921,0.027,0.111,2
0.054,0.947,0.882,0.179,0.136,2
0.155,1.0,0.908,0.122,0.108,2
0.163,1.0,0.987,0.112,0.034,2
0.102,0.944,0.955,0.055,0.196,2
0.226,0.98,0.954,0.092,0.062,2
0.154,0.963,0.888,0.113,0.094,2
0.055,0.907,0.929,0.176,0.122,2
0.083,0.974,0.873,0.143,0.081,2
0.145,1.0,0.886,0.044,0.077,2
0.202,0.874,0.808,0.082,0.122,2
0.21,0.927,0.929,0.146,0.025,2
0.131,0.96,0.972,0.08,0.101,2
0.026,0.917,0.973,0.061,0.102,2
0.172,0.933,0.959,0.061,0.092,2
0.181,0.958,0.921,0.109,0.129,2
0.048,1.0,0.933,0.117,0.148,2
0.081,0.915,0.936,0.069,0.169,2
0.107,0.922,0.96,0.052,0.084,2
0.166,0.933,0.945,0.079,0.039,2
0.166,1.0,0.951,0.109,0.128,2
0.087,1.0,0.96,0.165,0.071,2
0.241,0.989,0.978,0.109,0.09,2
0.21,0.957,0.852,0.055,0.093,2
0.165,0.947,1.0,0.022,0.106,2
0.059,0.988,0.945,0.117,0.065,2
0.214,1.0,0.979,0.095,0.123,2
0.115,0.993,1.0,0.143,0.071,2
0.168,0.885,0.979,0.118,0.025,2
0.092,0.936,0.935,0.052,0.116,2
0.163,0.94,0.912,0.142,0.166,2
0.126,0.919,0.975,0.086,0.094,2
0.187,0.855,1.0,0.103,0.084,2
0.146,0.948,0.863,0.16,0.102,2
0.172,0.998,0.899,0.119,0.089,2
0.192,0.844,0.945,0.076,0.117,2
0.174,0.915,0.914,0.096,0.064,2
0.192,0.932,0.805,0.085,0.058,2
0.068,0.888,0.955,0.153,0.113,2
0.12,0.973,0.927,0.072,0.054,2
0.062,0.931,0.958,0.096,0.083,2
0.103,0.98,0.884,0.131,0.06,2
0.112,0.877,0.925,0.139,0.121,2
0.199,0.976,0.895,0.087,0.069,2
0.217,0.89,0.995,0.136,0.173,2
0.13,0.986,1.0,0.075,0.039,2
0.056,0.986,0.856,0.085,0.117,2
0.159,0.971,0.961,0.151,0.062,2
0.116,0.911,0.992,0.136,0.118,2
0.209,0.891,1.0,0.161,0.129,2
0.239,0.867,0.924,0.071,0.129,2
0.097,0.988,1.0,0.128,0.111,2
0.101,0.908,1.0,0.131,0.098,2
0.129,0.849,0.896,0.176,0.049,2
0.159,1.0,0.887,0.107,0.138,2
0.151,1.0,0.867,0.142,0.093,2
0.189,0.972,0.913,0.109,0.026,2
0.18,0.965,0.982,0.142,0.115,2
0.157,0.906,0.914,0.147,0.157,2
0.138,0.952,0.905,0.147,0.127,2
0.247,0.906,0.931,0.109,0.126,2
0.139,0.906,0.994,0.129,0.063,2
0.218,1.0,0.957,0.103,0.122,2
0.107,0.952,0.842,0.135,0.038,2
0.225,0.933,0.939,0.075,0.088,2
0.221,0.826,1.0,0.114,0.052,2
0.096,1.0,0.903,0.054,0.145,2
0.167,0.903,0.961,0.059,0.144,2
0.203,0.977,0.968,0.17,0.1,2
0.091,0.972,1.0,0.059,0.086,2
0.171,0.947,0.901,0.145,0.193,2
0.16,0.905,0.873,0.11,0.144,2
0.174,0.95,0.921,0.056,0.133,2
0.196,0.873,1.0,0.123,0.156,2
0.083,0.882,0.943,0.12,0.172,2
0.185,0.938,0.899,0.149,0.061,2
0.231,0.936,1.0,0.127,0.095,2
0.124,0.933,0.971,0.103,0.076,2
0.142,0.954,0.844,0.118,0.061,2
0.092,0.866,0.86,0.046,0.072,2
0.248,0.924,0.959,0.116,0.105,2
0.146,0.89,1.0,0.172,0.033,2
0.099,0.936,0.902,0.12,0.071,2
0.258,1.0,0.961,0.141,0.144,2
0.122,0.909,0.954,0.134,0.106,2
0.071,0.91,0.946,0.097,0.179,2
0.081,0.975,1.0,0.191,0.084,2
0.175,0.978,0.96,0.096,0.117,2
0.023,0.984,0.956,0.091,0.182,2
0.116,0.93,1.0,0.067,0.078,2
0.143,0.992,0.96,0.048,0.079,2
0.12,0.946,0.971,0.117,0.029,2
0.203,0.963,1.0,0.118,0.144,2
0.173,1.0,0.976,0.096,0.191,2
0.194,0.979,0.886,0.048,0.112,2
0.157,0.919,0.957,0.164,0.128,2
0.093,0.944,0.91,0.084,0.083,2
0.126,0.887,0.944,0.078,0.0,2
0.253,1.0,0.931,0.101,0.053,2
0.235,1.0,0.958,0.141,0.107,2
0.083,0.929,0.957,0.082,0.091,2
0.145,0.946,0.953,0.058,0.071,2
0.086,0.999,0.845,0.146,0.155,2
0.135,0.82,0.932,0.097,0.06,2
0.124,1.0,0.983,0.063,0.036,2
0.134,0.939,0.975,0.079,0.12,2
0.247,0.991,0.948,0.093,0.086,2
0.209,0.919,0.952,0.102,0.08,2
0.081,0.966,0.947,0.12,0.079,2
0.211,0.906,1.0,0.03,0.117,2
0.174,0.91,0.971,0.151,0.011,2
0.175,0.825,0.902,0.165,0.077,2
0.091,0.94,1.0,0.027,0.058,2
0.225,1.0,0.945,0.05,0.184,2
0.23,0.984,0.909,0.098,0.094,2
0.167,1.0,0.994,0.057,0.155,2
0.166,0.984,1.0,0.056,0.099,2
0.123,0.872,0.967,0.2,0.026,2
0.148,0.982,0.956,0.095,0.048,2
0.162,0.912,0.841,0.148,0.138,2
0.153,0.961,1.0,0.109,0.136,2
0.135,1.0,0.966,0.108,0.049,2
0.164,0.908,0.918,0.067,0.057,2
0.256,1.0,1.0,0.051,0.103,2
0.085,0.915,0.904,0.15,0.084,2
0.203,0.98,1.0,0.041,0.15,2
0.207,0.901,1.0,0.113,0.091,2
0.109,0.914,1.0,0.1,0.131,2
0.11,0.911,1.0,0.046,0.083,2
0.152,0.956,0.941,0.116,0.128,2
0.187,0.901,0.936,0.148,0.136,2
0.081,0.968,0.851,0.102,0.176,2
0.103,0.908,0.988,0.038,0.075,2
0.18,0.918,0.938,0.13,0.117,2
0.163,0.933,0.969,0.095,0.118,2
0.125,0.941,0.901,0.099,0.068,2
0.094,0.963,0.961,0.131,0.083,2
0.17,0.978,0.972,0.067,0.106,2
0.168,0.95,0.846,0.106,0.189,2
0.132,0.914,0.969,0.112,0.148,2
0.087,0.987,0.98,0.094,0.114,2
0.201,0.994,0.893,0.133,0.097,2
0.154,0.954,0.942,0.148,0.097,2
0.094,0.93,0.959,0.149,0.124,2
0.107,1.0,0.963,0.151,0.094,2
0.177,0.992,1.0,0.142,0.135,2
0.134,0.921,0.967,0.137,0.091,2
0.203,1.0,0.904,0.067,0.094,2
0.165,0.924,1.0,0.117,0.102,2
0.078,0.884,0.964,0.015,0.141,2
0.142,1.0,1.0,0.093,0.096,2
0.2,1.0,0.868,0.029,0.075,2
0.179,0.975,1.0,0.052,0.007,2
0.193,0.909,0.849,0.106,0.132,2
0.144,0.927,0.942,0.085,0.046,2
0.114,0.976,0.966,0.107,0.06,2
0.141,0.841,0.959,0.157,0.041,2
0.921,0.113,0.15,0.082,0.072,3
0.852,0.104,0.182,0.111,0.099,3
0.966,0.1,0.067,0.133,0.109,3
0.951,0.061,0.152,0.127,0.078,3
1.0,0.08,0.069,0.07,0.029,3
0.974,0.027,0.051,0.017,0.097,3
0.942,0.087,0.058,0.053,0.119,3
0.922,0.113,0.065,0.107,0.152,3
0.979,0.084,0.11,0.09,0.1,3
0.934,0.093,0.108,0.06,0.059,3
0.881,0.036,0.051,0.106,0.064,3
0.976,0.101,0.021,0.126,0.132,3
0.9,0.117,0.066,0.104,0.049,3
0.86,0.085,0.095,0.084,0.053,3
0.93,0.111,0.098,0.107,0.073,3
1.0,0.053,0.12,0.147,0.119,3
0.94,0.079,0.141,0.043,0.061,3
0.93,0.15,0.115,0.061,0.088,3
0.919,0.072,0.139,0.045,0.164,3
0.991,0.144,0.081,0.094,0.043,3
0.924,0.12,0.152,0.056,0.085,3
0.942,0.044,0.124,0.071,0.092,3
0.927,0.068,0.1,0.091,0.085,3
0.914,0.113,0.166,0.106,0.14,3
0.88,0.106,0.056,0.041,0.07,3
1.0,0.138,0.11,0.039,0.092,3
0.965,0.107,0.026,0.064,0.097,3
0.977,0.012,0.094,0.106,0.134,3
0.985,0.123,0.068,0.024,0.084,3
1.0,0.156,0.128,0.117,0.115,3
0.922,0.095,0.167,0.062,0.165,3
0.934,0.153,0.044,0.123,0.071,3
0.879,0.109,0.14,0.066,0.04,3
0.945,0.097,0.122,0.138,0.098,3
1.0,0.109,0.086,0.036,0.089,3
0.933,0.138,0.118,0.053,0.107,3
0.984,0.161,0.136,0.13,0.102,3
0.969,0.15,0.047,0.086,0.069,3
0.969,0.149,0.076,0.004,0.084,3
0.996,0.122,0.117,0.089,0.049,3
0.976,0.067,0.187,0.123,0.077,3
0.919,0.096,0.09,0.145,0.107,3
0.913,0.176,0.102,0.131,0.076,3
0.968,0.112,0.024,0.181,0.152,3
0.93,0.056,0.114,0.103,0.114,3
0.96,0.12,0.158,0.123,0.058,3
1.0,0.166,0.226,0.055,0.11,3
0.846,0.122,0.078,0.177,0.069,3
0.866,0.081,0.021,0.13,0.017,3
0.951,0.017,0.087,0.166,0.114,3
0.907,0.099,0.101,0.119,0.045,3
0.98,0.0,0.075,0.08,0.125,3
0.951,0.044,0.061,0.108,0.097,3
0.921,0.081,0.128,0.079,0.096,3
1.0,0.043,0.026,0.131,0.073,3
0.934,0.069,0.09,0.164,0.132,3
0.993,0.043,0.054,0.0,0.068,3
0.998,0.121,0.091,0.099,0.072,3
0.96,0.131,0.035,0.112,0.137,3
0.929,0.128,0.213,0.096,0.116,3
0.913,0.107,0.118,0.108,0.059,3
0.96,0.158,0.118,0.138,0.091,3
0.987,0.111,0.062,0.113,0.06,3
0.918,0.108,0.112,0.052,0.142,3
0.979,0.072,0.038,0.094,0.082,3
0.956,0.085,0.02,0.084,0.088,3
0.982,0.072,0.167,0.024,0.152,3
0.939,0.134,0.103,0.146,0.085,3
0.895,0.157,0.095,0.109,0.149,3
0.898,0.124,0.076,0.095,0.103,3
0.875,0.069,0.154,0.135,0.097,3
0.962,0.088,0.154,0.092,0.109,3
1.0,0.069,0.162,0.039,0.165,3
0.931,0.09,0.024,0.082,0.058,3
0.92,0.095,0.138,0.108,0.112,3
0.895,0.065,0.172,0.071,0.166,3
0.938,0.1,0.143,0.151,0.096,3
0.931,0.098,0.114,0.136,0.1,3
0.981,0.166,0.115,0.112,0.039,3
0.818,0.116,0.096,0.079,0.11,3
0.947,0.145,0.103,0.07,0.14,3
0.939,0.121,0.081,0.074,0.103,3
0.951,0.119,0.089,0.027,0.083,3
0.99,0.088,0.09,0.139,0.072,3
0.873,0.094,0.081,0.061,0.093,3
0.975,0.1,0.112,0.173,0.086,3
0.964,0.08,0.066,0.077,0.081,3
0.968,0.194,0.071,0.083,0.097,3
0.97,0.111,0.151,0.003,0.005,3
0.925,0.144,0.037,0.0,0.123,3
0.962,0.056,0.061,0.061,0.104,3
0.919,0.12,0.0,0.066,0.055,3
0.937,0.078,0.132,0.026,0.102,3
0.978,0.174,0.081,0.113,0.028,3
0.83,0.134,0.1,0.147,0.045,3
0.976,0.175,0.117,0.111,0.1,3
0.871,0.154,0.076,0.12,0.037,3
0.891,0.157,0.086,0.158,0.097,3
0.858,0.136,0.076,0.128,0.101,3
0.873,0.107,0.188,0.12,0.098,3
1.0,0.108,0.108,0.056,0.109,3
1.0,0.067,0.157,0.096,0.064,3
1.0,0.089,0.13,0.088,0.098,3
0.975,0.112,0.02,0.055,0.137,3
0.943,0.079,0.046,0.057,0.019,3
0.945,0.076,0.061,0.097,0.115,3
1.0,0.04,0.146,0.139,0.069,3
0.96,0.082,0.107,0.16,0.124,3
0.975,0.083,0.041,0.092,0.148,3
0.874,0.058,0.105,0.061,0.068,3
0.929,0.045,0.061,0.128,0.048,3
0.87,0.075,0.129,0.092,0.081,3
0.952,0.03,0.12,0.115,0.084,3
1.0,0.055,0.145,0.106,0.087,3
0.949,0.096,0.149,0.057,0.069,3
1.0,0.076,0.136,0.168,0.084,3
0.984,0.054,0.13,0.108,0.119,3
0.918,0.034,0.12,0.017,0.087,3
0.997,0.108,0.178,0.141,0.074,3
0.951,0.098,0.037,0.062,0.078,3
0.848,0.102,0.09,0.033,0.116,3
0.986,0.109,0.087,0.124,0.127,3
0.965,0.067,0.111,0.148,0.076,3
1.0,0.079,0.101,0.073,0.109,3
0.863,0.078,0.056,0.105,0.14,3
0.982,0.005,0.182,0.112,0.069,3
0.958,0.107,0.073,0.108,0.076,3
0.93,0.073,0.043,0.106,0.123,3
0.976,0.133,0.113,0.079,0.134,3
0.882,0.064,0.061,0.143,0.138,3
0.974,0.143,0.065,0.114,0.095,3
0.992,0.095,0.085,0.122,0.135,3
0.917,0.098,0.058,0.0,0.108,3
0.98,0.11,0.022,0.086,0.011,3
1.0,0.057,0.15,0.138,0.064,3
0.893,0.114,0.066,0.104,0.081,3
0.861,0.011,0.109,0.078,0.078,3
0.985,0.147,0.089,0.086,0.12,3
0.882,0.109,0.122,0.127,0.023,3
0.912,0.065,0.104,0.119,0.16,3
0.925,0.08,0.146,0.112,0.151,3
0.964,0.054,0.047,0.038,0.126,3
1.0,0.174,0.134,0.147,0.077,3
0.892,0.134,0.117,0.104,0.115,3
0.966,0.151,0.152,0.122,0.134,3
0.976,0.082,0.13,0.044,0.142,3
0.89,0.111,0.066,0.122,0.099,3
0.87,0.117,0.077,0.135,0.1,3
0.97,0.062,0.076,0.082,0.134,3
1.0,0.068,0.143,0.013,0.052,3
0.902,0.046,0.037,0.117,0.091,3
0.969,0.128,0.111,0.126,0.097,3
0.891,0.142,0.076,0.063,0.093,3
0.904,0.083,0.114,0.114,0.064,3
0.926,0.143,0.12,0.183,0.147,3
1.0,0.044,0.131,0.098,0.078,3
0.958,0.138,0.12,0.065,0.13,3
0.918,0.109,0.088,0.091,0.131,3
0.898,0.178,0.027,0.076,0.115,3
0.979,0.096,0.098,0.116,0.091,3
1.0,0.134,0.135,0.061,0.097,3
0.935,0.06,0.114,0.078,0.126,3
0.896,0.169,0.064,0.109,0.132,3
0.921,0.134,0.051,0.158,0.101,3
0.92,0.088,0.132,0.077,0.07,3
0.939,0.053,0.173,0.077,0.133,3
0.96,0.061,0.1,0.131,0.092,3
1.0,0.141,0.137,0.082,0.057,3
0.919,0.108,0.122,0.013,0.1,3
0.958,0.089,0.152,0.117,0.152,3
0.939,0.137,0.165,0.152,0.056,3
0.937,0.086,0.12,0.127,0.066,3
0.953,0.019,0.158,0.08,0.102,3
0.935,0.146,0.0,0.099,0.096,3
0.927,0.169,0.065,0.131,0.114,3
1.0,0.073,0.071,0.144,0.117,3
0.873,0.078,0.115,0.134,0.073,3
0.804,0.121,0.051,0.019,0.0,3
0.991,0.105,0.091,0.156,0.125,3
1.0,0.044,0.099,0.035,0.091,3
0.938,0.125,0.102,0.125,0.128,3
1.0,0.087,0.062,0.11,0.068,3
1.0,0.089,0.077,0.081,0.129,3
0.942,0.074,0.167,0.066,0.101,3
0.983,0.035,0.119,0.058,0.133,3
0.902,0.128,0.144,0.134,0.11,3
0.938,0.077,0.159,0.072,0.059,3
0.983,0.068,0.062,0.042,0.081,3
0.946,0.11,0.138,0.121,0.092,3
0.94,0.12,0.151,0.105,0.081,3
0.9,0.042,0.127,0.123,0.123,3
0.944,0.156,0.081,0.138,0.098,3
0.92,0.124,0.116,0.114,0.103,3
0.948,0.196,0.147,0.129,0.104,3
1.0,0.121,0.101,0.088,0.097,3
0.791,0.108,0.08,0.164,0.101,3
0.891,0.098,0.058,0.119,0.112,3
0.998,0.068,0.101,0.045,0.128,3
0.976,0.12,0.1,0.117,0.164,3
0.936,0.106,0.057,0.065,0.104,3
1.0,0.09,0.091,0.084,0.079,3
0.965,0.04,0.151,0.073,0.129,3
0.887,0.127,0.127,0.115,0.06,3
0.962,0.053,0.09,0.141,0.132,3
0.951,0.061,0.126,0.101,0.007,3
0.989,0.099,0.148,0.056,0.0,3
0.964,0.112,0.032,0.061,0.21,3
0.935,0.129,0.074,0.016,0.093,3
0.937,0.084,0.095,0.111,0.094,3
0.887,0.119,0.022,0.018,0.13,3
0.975,0.098,0.044,0.072,0.089,3
0.87,0.07,0.126,0.157,0.083,3
0.988,0.023,0.126,0.068,0.112,3
0.938,0.153,0.065,0.125,0.089,3
0.942,0.093,0.066,0.099,0.097,3
0.962,0.103,0.132,0.137,0.058,3
0.993,0.053,0.124,0.125,0.024,3
0.955,0.081,0.07,0.154,0.074,3
0.91,0.103,0.127,0.094,0.147,3
0.977,0.013,0.079,0.078,0.119,3
0.819,0.202,0.121,0.106,0.147,3
1.0,0.135,0.138,0.105,0.094,3
0.926,0.067,0.073,0.046,0.097,3
0.866,0.108,0.099,0.106,0.079,3
1.0,0.154,0.05,0.109,0.076,3
0.899,0.046,0.117,0.073,0.139,3
1.0,0.155,0.066,0.119,0.125,3
0.926,0.069,0.164,0.109,0.125,3
0.909,0.051,0.077,0.095,0.057,3
0.95,0.032,0.055,0.127,0.124,3
0.93,0.059,0.059,0.085,0.126,3
0.996,0.08,0.054,0.111,0.067,3
0.924,0.153,0.133,0.106,0.049,3
0.961,0.143,0.085,0.154,0.152,3
1.0,0.112,0.123,0.157,0.118,3
0.925,0.082,0.11,0.048,0.094,3
1.0,0.012,0.161,0.145,0.082,3
0.977,0.1,0.149,0.139,0.044,3
0.979,0.092,0.103,0.071,0.17,3
1.0,0.07,0.047,0.085,0.117,3
0.962,0.15,0.132,0.139,0.113,3
0.881,0.092,0.142,0.098,0.12,3
0.934,0.059,0.095,0.112,0.074,3
0.938,0.062,0.145,0.088,0.158,3
1.0,0.097,0.06,0.017,0.041,3
0.881,0.155,0.105,0.116,0.011,3
0.89,0.135,0.111,0.094,0.123,3
1.0,0.091,0.103,0.108,0.196,3
0.845,0.127,0.095,0.123,0.074,3
0.948,0.128,0.225,0.132,0.066,3
0.179,0.177,0.81,0.883,0.937,4
0.136,0.252,0.924,0.863,0.893,4
0.28,0.237,0.9,0.888,0.904,4
0.174,0.095,1.0,0.908,0.92,4
0.197,0.163,0.891,0.82,1.0,4
0.138,0.148,0.878,0.964,0.901,4
0.138,0.263,0.937,0.927,0.936,4
0.32,0.309,0.866,0.981,0.919,4
0.225,0.115,0.891,0.859,0.941,4
0.254,0.096,0.899,0.956,0.891,4
0.236,0.218,0.917,0.886,0.839,4
0.144,0.235,0.901,0.893,0.879,4
0.185,0.252,0.883,0.833,0.937,4
0.19,0.202,0.98,0.899,0.914,4
0.141,0.189,0.93,0.822,0.91,4
0.205,0.202,0.952,0.917,0.974,4
0.15,0.207,0.904,0.847,0.948,4
0.316,0.199,0.925,0.904,0.864,4
0.109,0.165,0.83,0.985,0.894,4
0.183,0.244,0.844,0.862,0.903,4
0.251,0.225,0.912,0.904,0.92,4
0.21,0.149,0.902,0.846,0.904,4
0.176,0.327,0.898,0.83,0.893,4
0.226,0.284,0.871,0.821,0.941,4
0.131,0.178,0.887,0.897,0.934,4
0.166,0.186,0.899,0.907,0.905,4
0.222,0.242,0.92,0.923,0.821,4
0.203,0.224,0.936,0.865,0.867,4
0.171,0.227,0.952,0.88,0.945,4
0.206,0.194,0.889,0.937,0.916,4
0.314,0.157,0.926,0.874,0.857,4
0.199,0.207,1.0,0.891,0.843,4
0.214,0.096,0.895,0.901,0.94,4
0.249,0.175,0.892,0.862,0.844,4
0.215,0.136,0.879,0.85,0.927,4
0.29,0.135,0.807,0.894,0.901,4
0.211,0.178,0.89,0.918,0.952,4
0.102,0.182,0.911,0.854,0.987,4
0.168,0.198,0.928,0.87,0.808,4
0.179,0.251,0.883,0.858,0.946,4
0.183,0.174,0.907,0.939,1.0,4
0.241,0.258,0.875,0.849,0.903,4
0.205,0.146,0.891,0.92,0.918,4
0.225,0.215,0.875,0.874,0.84,4
0.289,0.201,0.889,0.854,1.0,4
0.146,0.179,0.921,0.93,0.948,4
0.29,0.225,0.847,0.887,0.915,4
0.303,0.13,0.96,0.909,0.942,4
0.195,0.158,0.938,0.933,0.949,4
0.199,0.17,0.822,0.941,0.921,4
0.152,0.173,0.877,0.826,0.859,4
0.143,0.179,0.863,0.819,1.0,4
0.263,0.161,0.914,0.921,0.96,4
0.159,0.255,0.873,0.833,0.936,4
0.265,0.329,0.84,0.935,0.88,4
0.239,0.126,0.837,0.861,0.904,4
0.168,0.233,0.951,0.93,0.981,4
0.221,0.139,0.968,0.87,0.946,4
0.279,0.223,0.825,0.854,0.966,4
0.192,0.204,0.938,0.935,0.914,4
0.19,0.184,0.943,0.928,0.887,4
0.254,0.194,0.857,0.862,0.851,4
0.186,0.262,0.86,0.909,0.867,4
0.187,0.124,0.889,0.89,0.927,4
0.211,0.14,0.954,0.911,0.91,4
0.2,0.174,0.911,0.924,0.813,4
0.173,0.187,0.913,0.96,0.861,4
0.175,0.174,0.86,0.883,0.939,4
0.147,0.221,0.815,0.872,0.884,4
0.284,0.186,0.79,0.8,0.902,4
0.231,0.219,0.908,0.958,0.873,4
0.245,0.118,0.855,0.81,0.886,4
0.198,0.206,0.903,0.854,0.89,4
0.125,0.268,0.885,0.876,0.979,4
0.138,0.144,0.845,0.897,0.922,4
0.237,0.329,0.788,0.93,0.872,4
0.171,0.169,0.855,0.984,0.942,4
0.201,0.268,0.824,0.833,0.791,4
0.165,0.208,0.905,0.907,0.829,4
0.24,0.212,0.937,0.805,0.916,4
0.141,0.18,0.927,0.905,0.857,4
0.2,0.123,0.958,0.89,0.956,4
0.174,0.174,0.862,0.944,0.865,4
0.232,0.181,0.801,0.871,0.841,4
0.202,0.14,0.946,0.895,0.891,4
0.233,0.248,0.899,0.861,0.811,4
0.166,0.169,0.905,0.883,0.934,4
0.169,0.197,0.959,0.917,0.897,4
0.17,0.168,0.857,0.873,0.938,4
0.189,0.133,0.988,0.916,0.83,4
0.178,0.206,0.985,0.845,0.949,4
0.27,0.169,0.886,0.848,0.89,4
0.198,0.233,0.955,0.863,0.802,4
0.199,0.215,0.912,0.884,0.906,4
0.276,0.219,0.881,0.875,0.892,4
0.282,0.191,0.899,0.876,0.955,4
0.298,0.223,0.904,0.902,0.781,4
0.237,0.207,0.921,0.864,0.881,4
0.179,0.251,0.881,1.0,0.922,4
0.136,0.194,0.867,0.79,0.98,4
0.235,0.227,0.908,0.831,0.876,4
0.242,0.147,0.773,0.889,0.893,4
0.207,0.236,0.932,0.913,0.96,4
0.124,0.225,0.931,0.838,0.825,4
0.163,0.167,0.938,0.869,0.857,4
0.169,0.256,0.901,0.891,0.894,4
0.265,0.163,0.966,0.911,0.892,4
0.325,0.147,0.882,0.838,0.948,4
0.284,0.283,0.961,0.89,0.882,4
0.116,0.302,0.923,0.875,0.966,4
0.151,0.22,0.891,0.932,0.897,4
0.127,0.204,0.952,0.899,0.939,4
0.148,0.199,0.869,0.937,0.902,4
0.235,0.254,0.935,0.914,0.85,4
0.2,0.173,0.883,0.881,0.851,4
0.102,0.167,0.91,0.833,0.901,4
0.295,0.251,0.982,0.92,0.958,4
0.164,0.168,0.763,0.959,0.977,4
0.172,0.187,0.862,0.919,0.956,4
0.113,0.22,0.886,0.906,0.923,4
0.191,0.195,0.889,0.949,0.921,4
0.211,0.136,0.881,0.945,0.902,4
0.233,0.288,0.952,0.905,0.874,4
0.072,0.192,0.884,0.92,0.892,4
0.184,0.111,0.853,0.924,0.986,4
0.195,0.216,0.948,0.859,0.918,4
0.163,0.243,0.908,0.915,0.861,4
0.235,0.304,0.85,0.883,0.912,4
0.239,0.172,0.758,0.968,0.938,4
0.113,0.17,0.978,0.972,0.947,4
0.191,0.204,0.893,0.956,0.856,4
0.16,0.251,0.898,0.969,0.866,4
0.197,0.154,0.9,0.826,0.876,4
0.128,0.235,0.936,0.813,0.967,4
0.325,0.202,0.868,1.0,0.834,4
0.201,0.209,0.967,0.918,0.875,4
0.152,0.183,0.85,0.902,0.872,4
0.125,0.263,0.875,0.837,0.892,4
0.203,0.113,0.917,0.848,0.986,4
0.226,0.18,0.863,0.895,0.931,4
0.199,0.189,0.903,0.87,0.883,4
0.096,0.249,0.915,0.861,0.995,4
0.204,0.148,0.943,0.92,0.92,4
0.179,0.223,0.887,0.928,0.805,4
0.178,0.286,0.862,0.87,0.878,4
0.139,0.09,0.888,0.907,0.897,4
0.193,0.202,0.951,0.89,0.871,4
0.186,0.229,0.971,0.869,0.905,4
0.217,0.15,0.901,0.827,0.812,4
0.218,0.181,0.91,0.899,0.851,4
0.198,0.138,0.97,0.832,0.89,4
0.148,0.229,0.883,0.874,0.943,4
0.201,0.226,0.851,0.83,0.905,4
0.184,0.231,0.896,0.91,0.819,4
0.294,0.192,0.935,0.858,0.915,4
0.135,0.223,0.882,0.901,0.935,4
0.138,0.166,0.923,1.0,0.893,4
0.23,0.195,0.997,0.813,0.905,4
0.119,0.075,0.915,0.907,0.886,4
0.195,0.355,0.887,0.926,0.868,4
0.215,0.188,0.879,0.991,0.959,4
0.207,0.085,0.882,1.0,0.888,4
0.255,0.272,0.911,0.858,0.778,4
0.234,0.159,0.909,0.838,0.887,4
0.202,0.213,0.844,0.96,0.87,4
0.116,0.195,0.902,0.908,0.968,4
0.188,0.194,0.845,0.941,0.909,4
0.179,0.105,0.972,0.839,0.87,4
0.218,0.14,0.825,0.794,0.936,4
0.173,0.346,0.85,0.854,0.872,4
0.212,0.176,0.931,0.851,0.831,4
0.11,0.089,0.874,0.885,0.868,4
0.262,0.261,0.883,0.81,0.872,4
0.17,0.167,0.865,0.867,0.881,4
0.168,0.21,0.918,0.854,0.964,4
0.151,0.119,0.919,0.859,0.916,4
0.08,0.27,0.934,0.825,0.826,4
0.284,0.163,0.858,0.787,0.882,4
0.189,0.236,0.83,0.824,0.923,4
0.25,0.121,0.954,0.902,0.955,4
0.196,0.074,0.892,0.953,0.855,4
0.181,0.191,0.755,0.984,0.855,4
0.225,0.196,0.963,0.92,0.888,4
0.155,0.24,0.806,0.932,0.845,4
0.263,0.208,0.932,0.904,0.812,4
0.157,0.234,0.908,0.959,0.92,4
0.152,0.16,0.905,0.784,0.984,4
0.222,0.261,0.821,0.962,1.0,4
0.134,0.239,0.9,0.823,0.925,4
0.242,0.17,0.958,0.817,0.825,4
0.207,0.201,0.864,0.94,0.927,4
0.243,0.194,0.93,0.878,1.0,4
0.159,0.305,0.902,0.831,0.968,4
0.206,0.243,0.961,0.917,0.87,4
0.249,0.2,0.934,0.792,0.922,4
0.168,0.283,0.931,0.912,0.924,4
0.15,0.281,1.0,0.92,0.98,4
0.172,0.16,0.902,0.922,0.88,4
0.227,0.215,0.85,0.926,0.943,4
0.209,0.258,0.839,0.923,0.841,4
0.144,0.168,0.853,0.873,0.889,4
0.242,0.184,0.821,0.957,0.858,4
0.197,0.222,0.91,0.955,0.924,4
0.157,0.309,0.91,0.893,0.948,4
0.212,0.22,1.0,0.886,0.884,4
0.206,0.254,0.825,0.802,0.871,4
0.118,0.179,0.925,0.855,0.829,4
0.203,0.243,0.815,0.941,0.941,4
0.248,0.261,1.0,0.882,0.905,4
0.179,0.2,0.977,0.833,0.857,4
0.269,0.251,0.882,0.943,0.917,4
0.275,0.204,0.951,1.0,0.93,4
0.202,0.236,0.882,1.0,0.909,4
0.186,0.158,0.955,0.943,0.875,4
0.229,0.125,0.909,0.923,0.985,4
0.161,0.136,0.855,0.833,0.967,4
0.277,0.216,0.961,0.907,0.895,4
0.183,0.184,0.823,0.913,0.898,4
0.237,0.205,0.892,0.856,0.904,4
0.237,0.143,0.904,0.912,0.864,4
0.171,0.212,0.843,0.917,0.855,4
0.253,0.317,0.857,0.927,0.864,4
0.252,0.137,0.924,0.856,0.89,4
0.148,0.241,0.858,0.928,0.883,4
0.194,0.207,0.862,0.911,0.977,4
0.161,0.259,0.975,0.859,0.827,4
0.215,0.173,0.993,0.902,0.86,4
0.143,0.254,0.871,0.902,0.948,4
0.176,0.198,0.899,0.934,0.93,4
0.189,0.203,0.881,0.826,0.913,4
0.295,0.156,0.861,0.856,0.936,4
0.222,0.192,0.854,0.905,0.822,4
0.207,0.244,0.837,0.823,0.979,4
0.169,0.257,0.892,0.892,0.922,4
0.156,0.207,0.881,0.834,0.917,4
0.187,0.192,0.839,0.98,0.944,4
0.248,0.185,0.814,0.998,0.897,4
0.163,0.221,0.958,0.899,0.964,4
0.254,0.146,0.866,0.948,0.764,4
0.193,0.128,0.876,0.885,0.882,4
0.172,0.145,1.0,0.993,0.842,4
0.279,0.18,0.906,0.897,0.867,4
0.249,0.206,0.876,0.835,0.855,4
0.118,0.201,0.84,0.887,0.969,4
0.26,0.198,0.896,0.994,0.926,4
0.184,0.129,0.92,0.941,0.868,4
0.215,0.182,0.891,0.776,0.889,4
0.248,0.168,0.903,0.862,0.918,4
0.189,0.153,0.967,0.946,0.87,4
0.225,0.227,0.932,0.815,0.95,4
